account_id,signup_date,plan_tier,referral_source,industry,country,seats,is_trial,churn_flag,days_since_signup,total_sessions_7d,avg_session_duration_7d,total_revenue_30d,days_to_first_purchase,feature_diversity_score,usage_consistency_cv,weekend_usage_ratio,error_rate,beta_feature_adoption_flag,support_ticket_count_30d,avg_satisfaction_score,satisfaction_missing,has_urgent_ticket_flag,fast_resolution_rate,has_upgraded_flag,has_downgraded_flag,subscription_tenure_days,subscription_churn_count,billing_frequency_annual_flag,usage_trend_slope_30d,revenue_trend_slope_60d,days_since_last_session,signup_month,signup_day_of_week,churn_date,reason_code,provided_feedback,event_observed,duration_days,total_revenue_180d
A-2e4581,2024-10-16,Basic,partner,EdTech,US,9,False,False,76,0.0,0.0,399.6,4,0.675,0.2583041113983957,0.2727272727272727,0.07102803738317758,1,0.0,3.0,0,1,0.5,1,0,72,0.0,1,0.4285714285714286,-199.6,21,10,2,,,0,0,76.0,1260.3000000000002
A-43a9e3,2023-08-17,Basic,other,FinTech,IN,18,False,True,502,0.0,0.0,0.0,34,0.575,0.41309635720778837,0.2571428571428571,0.03954802259887006,1,0.0,4.0,0,1,0.3333333333333333,1,0,468,0.0,1,0.0,0.0,2,8,3,2023-11-15,,0,1,90.0,721.4000000000001
A-0a282f,2024-08-27,Basic,organic,DevTools,US,1,False,False,126,0.0,0.0,378.1,4,0.85,0.35718295539784956,0.24096385542168675,0.058465286236297195,1,0.0,4.666666666666667,0,1,0.3333333333333333,1,1,122,3.0,1,-0.75,651.4,9,8,1,,,1,0,126.0,1828.6000000000001
A-1f0ac7,2023-08-27,Basic,other,HealthTech,UK,24,True,False,492,0.0,0.0,0.0,99,0.65,0.32852874977235486,0.21951219512195122,0.0549738219895288,1,0.0,3.0,0,0,0.5,1,0,393,0.0,1,0.16666666666666666,0.0,20,8,6,,,1,0,492.0,595.2
A-ce550d,2024-10-27,Enterprise,event,HealthTech,US,35,False,True,65,1.0,3519.0,2192.5,1,0.8,0.3904956865512975,0.3275862068965517,0.0535405872193437,1,0.0,3.5714285714285716,0,1,0.2857142857142857,1,0,64,2.0,1,0.08235294117647059,-1678.0,8,10,6,2024-12-28,budget,1,1,62.0,4418.400000000001
A-1b9609,2023-10-12,Enterprise,ads,EdTech,IN,4,False,False,446,1.0,2704.0,0.0,50,0.7,0.4416822873774982,0.14893617021276595,0.046357615894039736,1,0.0,3.0,0,1,0.25,0,0,396,1.0,1,0.17551963048498842,0.0,41,10,3,,,0,0,446.0,316.0
A-a0ca4e,2024-03-08,Pro,ads,Cybersecurity,US,11,False,False,298,0.0,0.0,238.8,8,0.65,0.3243104767019551,0.38461538461538464,0.03753351206434316,1,0.0,3.6666666666666665,0,0,0.3333333333333333,0,0,290,0.0,1,0.26666666666666666,-217.9,14,3,4,,,0,0,298.0,851.9
A-e5d6ab,2023-04-15,Pro,partner,EdTech,US,3,False,False,626,1.0,2760.0,9.5,26,0.725,0.3637429857395946,0.12195121951219512,0.060209424083769635,1,0.0,3.0,0,0,0.0,0,0,600,1.0,1,0.0,0.0,29,4,5,,,0,0,626.0,499.6
A-7dacce,2024-09-10,Enterprise,event,Cybersecurity,CA,12,False,True,112,1.0,5863.0,497.5,0,0.675,0.3142043637643902,0.22916666666666666,0.0614406779661017,1,0.0,3.5,0,1,0.25,1,0,112,0.0,1,-0.2619047619047619,-497.5,2,9,1,2024-12-27,budget,1,1,108.0,2305.7000000000003
A-10b8da,2023-05-08,Enterprise,partner,DevTools,US,14,False,True,603,1.0,2060.0,338.3,4,0.575,0.3767196134879133,0.2222222222222222,0.054474708171206226,1,0.0,3.3333333333333335,0,0,0.0,1,0,599,1.0,1,0.0,-311.70000000000005,8,5,0,2024-01-21,,0,1,258.0,364.90000000000003
A-592832,2024-09-25,Basic,organic,Cybersecurity,US,18,False,True,97,4.0,4670.5,2046.6000000000001,1,0.95,0.3661842739023853,0.19801980198019803,0.05233111322549953,1,0.0,3.6666666666666665,0,0,0.3333333333333333,1,1,96,3.0,1,-0.05396174863387979,-1836.0,1,9,2,2024-10-04,support,1,1,9.0,3257.1000000000004
A-d40bf7,2024-11-08,Basic,organic,FinTech,IN,59,False,False,53,3.0,3320.3333333333335,2460.3,1,0.725,0.24010250025280302,0.2,0.039285714285714285,1,0.0,5.0,0,1,0.5,1,0,52,0.0,1,0.11705685618729098,-595.9000000000001,40,11,4,,,0,0,53.0,4324.700000000001
A-6c093d,2023-04-14,Basic,partner,DevTools,US,7,True,False,627,0.0,0.0,28.5,16,0.75,0.35575840344497656,0.328125,0.04484304932735426,1,0.0,3.6666666666666665,0,0,0.0,1,0,611,3.0,1,0.0,0.0,1,4,4,,,0,0,627.0,92.2
A-462d45,2024-01-15,Enterprise,partner,Cybersecurity,US,11,True,False,351,1.0,1760.0,232.8,1,0.85,0.404413593303484,0.21739130434782608,0.04075235109717868,1,1.0,3.25,0,1,0.25,1,1,350,2.0,1,0.3181818181818182,802.0,15,1,0,,,1,0,351.0,1618.7
A-956988,2024-11-30,Enterprise,ads,EdTech,UK,1,False,False,31,1.0,770.0,2940.7000000000003,2,0.8,0.37612189767789705,0.18571428571428572,0.07469512195121951,1,0.0,3.0,0,1,0.0,0,1,30,1.0,1,0.043478260869565216,-1667.1,7,11,5,,,1,0,31.0,2940.7000000000003
A-ac14bb,2023-09-08,Enterprise,partner,FinTech,US,21,False,False,480,0.0,0.0,102.9,19,0.775,0.2641188070437214,0.3148148148148148,0.07909604519774012,1,0.0,3.5,0,0,0.5,1,0,461,2.0,1,0.5,315.0,13,9,4,,,1,0,480.0,1973.6000000000001
A-463db0,2024-12-05,Basic,partner,HealthTech,US,15,False,False,26,0.0,0.0,1326.6000000000001,4,0.625,0.27103711134816494,0.24324324324324326,0.03561643835616438,1,1.0,3.8333333333333335,0,1,0.16666666666666666,0,0,22,0.0,1,0.0,0.0,4,12,3,,,0,0,26.0,1326.6000000000001
A-ce66f8,2023-08-23,Pro,event,EdTech,CA,29,False,False,496,0.0,0.0,55.1,1,0.725,0.32641860892690355,0.32608695652173914,0.038461538461538464,1,1.0,3.1666666666666665,0,1,0.16666666666666666,0,0,495,0.0,1,0.0,0.0,0,8,2,,,0,0,496.0,55.1
A-c4ea60,2023-03-09,Enterprise,other,FinTech,DE,18,False,True,663,0.0,0.0,0.0,33,0.7,0.49706535855898903,0.18604651162790697,0.04215456674473068,1,0.0,3.6,0,1,0.4,0,1,630,0.0,1,-0.030612244897959186,0.0,20,3,3,2023-06-07,,0,1,90.0,125.4
A-832ec2,2023-11-19,Enterprise,event,FinTech,UK,4,True,False,408,1.0,3641.0,0.0,75,0.775,0.3981847582237183,0.30612244897959184,0.04892367906066536,1,0.0,3.6666666666666665,0,0,0.6666666666666666,1,0,364,0.0,1,-0.045454545454545456,0.0,8,11,6,,,1,0,408.0,410.40000000000003
A-684255,2024-04-14,Enterprise,ads,FinTech,US,9,False,False,261,3.0,2650.0,60.800000000000004,0,0.85,0.2866822597120809,0.2878787878787879,0.06738131699846861,1,0.0,4.25,0,1,0.75,1,1,261,3.0,1,-0.599009900990099,51.9,23,4,6,,,1,0,261.0,1072.4
A-c42f1f,2024-07-28,Pro,other,HealthTech,US,8,False,False,156,0.0,0.0,53.900000000000006,0,0.6,0.4223498215907373,0.2,0.05970149253731343,1,0.0,3.5555555555555554,0,1,0.4444444444444444,1,1,156,1.0,1,0.0,0.0,62,7,6,,,0,0,156.0,517.5
A-4e44e8,2024-08-20,Enterprise,ads,DevTools,US,3,False,True,133,2.0,1628.5,1700.4,3,0.8,0.4120048967892474,0.2318840579710145,0.05393586005830904,1,1.0,3.3333333333333335,0,1,0.6666666666666666,1,0,130,2.0,1,-0.15423387096774188,-1642.2,37,8,1,2024-10-11,budget,1,1,52.0,3644.5
A-30b4ca,2024-05-20,Basic,organic,EdTech,IN,86,False,True,225,1.0,5301.0,5134.200000000001,4,0.7,0.27956439329785904,0.42857142857142855,0.055,1,0.0,3.3333333333333335,0,0,0.0,0,0,221,0.0,1,0.2857142857142857,-3001.4000000000005,9,5,0,2024-09-01,features,0,1,104.0,7593.800000000001
A-9f2731,2024-10-04,Enterprise,event,FinTech,IN,1,False,False,88,1.0,2190.0,72.2,29,0.575,0.4242428849706042,0.21875,0.06172839506172839,1,0.0,3.0,1,0,0.0,0,1,80,0.0,1,-0.043668122270742356,216.90000000000003,12,10,4,,,1,0,88.0,361.3
A-32fb14,2023-03-07,Enterprise,event,DevTools,US,26,False,True,665,3.0,2170.0,0.0,189,0.675,0.3443962533407591,0.3617021276595745,0.039014373716632446,1,1.0,3.6,0,1,0.6,1,0,532,2.0,1,-0.2751322751322751,0.0,6,3,1,2024-04-28,competitor,1,1,418.0,0.0
A-00cac8,2023-09-15,Enterprise,organic,HealthTech,AU,8,True,False,473,1.0,1593.0,39.2,1,0.75,0.32800489519714626,0.3275862068965517,0.05149501661129568,1,1.0,3.0,0,1,0.5,0,1,472,0.0,1,-0.07396449704142011,0.0,7,9,4,,,0,0,473.0,90.5
A-35083d,2023-04-28,Basic,partner,HealthTech,IN,19,False,True,613,1.0,3982.0,0.0,104,0.725,0.30445863009025004,0.2638888888888889,0.04677623261694058,1,0.0,4.5,0,0,0.0,1,0,577,1.0,1,-0.26055612770339853,0.0,2,4,4,2024-06-26,,0,1,425.0,756.2
A-eb7fac,2023-10-28,Enterprise,organic,DevTools,US,7,False,False,430,0.0,0.0,0.0,59,0.675,0.3643473543531996,0.2830188679245283,0.08178438661710037,1,0.0,3.25,0,1,0.5,0,0,371,1.0,1,0.3,0.0,12,10,5,,,1,0,430.0,1943.8000000000002
A-b20d99,2023-09-27,Basic,other,HealthTech,IN,20,False,False,461,0.0,0.0,0.0,121,0.55,0.33985076070135734,0.3939393939393939,0.0364741641337386,1,0.0,3.5,0,0,0.0,1,0,340,0.0,1,0.0,0.0,99,9,2,,,1,0,461.0,436.0
A-396e5f,2024-10-02,Enterprise,other,Cybersecurity,CA,2,False,False,90,1.0,3132.0,782.9000000000001,0,0.725,0.35235059726957535,0.2909090909090909,0.04259259259259259,1,0.0,3.2,0,1,0.6,1,1,90,0.0,1,0.4605263157894737,-748.6000000000001,6,10,2,,,1,0,90.0,1023.6
A-45ce7a,2023-07-23,Enterprise,ads,FinTech,US,16,False,False,527,0.0,0.0,78.4,26,0.525,0.30592651117734493,0.4358974358974359,0.07075471698113207,1,1.0,3.4,0,0,0.0,1,1,501,1.0,1,0.0,0.0,7,7,6,,,0,0,527.0,78.4
A-08e34e,2024-06-27,Basic,event,EdTech,US,14,False,True,187,1.0,5712.0,68.60000000000001,4,0.85,0.3902936738838682,0.2698412698412698,0.04923076923076923,1,1.0,3.0,0,0,0.0,0,0,183,0.0,1,0.11674816625916869,146.3,1,6,3,2024-09-01,features,1,1,66.0,1903.5
A-8145a0,2023-04-25,Basic,partner,Cybersecurity,AU,2,True,False,616,0.0,0.0,0.0,104,0.8,0.3490336880546698,0.328125,0.03896103896103896,1,0.0,3.5,0,1,0.6666666666666666,1,0,512,1.0,1,0.0,0.0,5,4,1,,,1,0,616.0,640.8000000000001
A-bad8c1,2023-03-01,Basic,organic,FinTech,AU,7,False,False,671,0.0,0.0,0.0,103,0.725,0.3132173957825493,0.2702702702702703,0.028720626631853787,1,0.0,4.0,0,0,0.0,1,0,568,0.0,1,0.17647058823529413,0.0,7,3,2,,,1,0,671.0,264.6
A-44dc83,2024-05-12,Basic,other,EdTech,FR,5,False,False,233,0.0,0.0,0.0,36,0.4,0.29334564458075485,0.25,0.05241935483870968,1,0.0,4.142857142857143,0,1,0.14285714285714285,0,0,197,0.0,1,-0.25,0.0,83,5,6,,,1,0,233.0,45.6
A-f446b6,2023-05-12,Pro,ads,DevTools,DE,5,True,False,599,0.0,0.0,57.0,16,0.675,0.3411083315536005,0.23076923076923078,0.08244680851063829,1,0.0,3.625,0,1,0.5,0,0,583,1.0,1,0.5,0.0,17,5,4,,,0,0,599.0,79.8
A-a45270,2024-06-24,Enterprise,ads,HealthTech,US,3,False,False,190,1.0,4940.0,696.5,18,0.875,0.3448264719781848,0.352112676056338,0.0723055934515689,1,0.0,3.5,0,1,0.0,1,1,172,1.0,1,0.28482328482328484,-175.0999999999999,6,6,0,,,1,0,190.0,1998.4
A-854864,2024-12-07,Enterprise,event,FinTech,IN,20,False,False,24,1.0,500.0,1475.9,2,0.425,0.29055624070764857,0.20833333333333334,0.04032258064516129,1,0.0,4.8,0,0,0.2,0,0,22,1.0,1,-1.0,0.0,16,12,5,,,1,0,24.0,1475.9
A-1b7577,2024-10-27,Pro,other,Cybersecurity,US,4,False,False,65,1.0,2430.0,403.70000000000005,1,0.825,0.36009593388147904,0.4032258064516129,0.05108359133126935,1,0.0,3.8,0,1,0.6,0,1,64,2.0,1,0.43917710196779974,-169.9,11,10,6,,,0,0,65.0,877.1
A-05f0e5,2023-05-04,Basic,partner,FinTech,US,32,False,False,607,1.0,1136.0,0.0,38,0.8,0.46330312651401817,0.29850746268656714,0.06534090909090909,1,0.0,3.75,0,0,0.75,1,0,569,0.0,1,-0.047344110854503456,0.0,1,5,3,,,0,0,607.0,983.8000000000001
A-9077b0,2024-08-25,Basic,ads,HealthTech,US,2,False,False,128,1.0,2496.0,3.8000000000000003,1,0.65,0.36143967739288796,0.21739130434782608,0.06288032454361055,1,1.0,4.333333333333333,0,1,0.3333333333333333,1,0,127,2.0,1,1.1,0.0,43,8,6,,,0,0,128.0,356.50000000000006
A-7f8241,2023-03-14,Pro,organic,EdTech,US,34,False,True,658,1.0,2700.0,64.60000000000001,13,0.85,0.3901991391601819,0.33766233766233766,0.051771117166212535,1,0.0,3.0,0,0,0.0,1,0,645,0.0,1,-0.07627906976744186,0.0,10,3,1,2023-06-12,,0,1,90.0,1305.6000000000001
A-2bc93d,2023-03-14,Basic,event,HealthTech,US,14,False,False,658,0.0,0.0,0.0,127,0.825,0.3981617458664582,0.2835820895522388,0.046546546546546545,1,0.0,4.5,0,1,1.0,1,0,531,1.0,1,-0.8045112781954886,0.0,24,3,1,,,1,0,658.0,1112.6
A-f3ff05,2024-07-06,Enterprise,other,FinTech,IN,2,False,False,178,1.0,240.0,93.1,26,0.7,0.3523972084220417,0.2878787878787879,0.05365126676602087,1,0.0,3.3333333333333335,0,0,0.0,1,0,152,1.0,1,0.4166666666666667,-73.5,0,7,5,,,1,0,178.0,1946.5
A-2d4502,2024-04-29,Basic,event,FinTech,IN,7,False,False,246,0.0,0.0,39.2,1,0.725,0.33689931645655363,0.2765957446808511,0.04121475054229935,1,1.0,4.333333333333333,0,1,0.6666666666666666,1,0,245,0.0,1,0.0,0.0,24,4,0,,,0,0,246.0,1548.1000000000001
A-6a4e2d,2023-04-07,Pro,partner,EdTech,UK,9,False,False,634,0.0,0.0,0.0,93,0.675,0.3136412093439823,0.1864406779661017,0.051926298157453935,1,0.0,4.5,0,0,1.0,1,1,582,3.0,1,0.0,0.0,7,4,4,,,0,0,634.0,719.5
A-eb7c38,2024-02-25,Enterprise,organic,DevTools,AU,5,False,False,310,0.0,0.0,0.0,47,0.825,0.36951701213490556,0.32857142857142857,0.03896103896103896,1,1.0,3.8,0,1,0.4,1,1,264,4.0,1,-8.881784197001253e-18,0.0,16,2,6,,,0,0,310.0,2605.6
A-c37601,2024-10-31,Basic,partner,EdTech,US,6,True,False,61,2.0,4919.0,269.0,1,0.7,0.35775735146502663,0.2916666666666667,0.04294478527607362,1,0.0,3.5,0,1,0.25,0,0,60,2.0,1,-0.16666666666666666,402.80000000000007,24,10,3,,,1,0,61.0,2047.5
A-3b5cd1,2023-09-12,Basic,event,FinTech,US,13,True,False,476,1.0,3234.0,254.8,25,0.675,0.4491294193231204,0.34615384615384615,0.046153846153846156,1,0.0,3.4,0,1,0.4,1,1,458,0.0,1,0.9285714285714286,0.0,10,9,1,,,1,0,476.0,990.5
A-b2225d,2024-03-08,Basic,ads,FinTech,US,47,False,True,298,2.0,2374.5,0.0,66,0.85,0.3317076690793373,0.273972602739726,0.08620689655172414,1,0.0,3.0,0,0,0.0,1,1,273,0.0,1,-0.32608695652173914,0.0,23,3,4,2024-06-27,budget,0,1,111.0,1574.5
A-94f8c9,2024-03-29,Basic,other,HealthTech,US,13,False,False,277,0.0,0.0,322.4,7,0.825,0.3931995261651259,0.3246753246753247,0.08445040214477212,1,0.0,4.333333333333333,0,1,0.3333333333333333,1,1,270,1.0,1,0.1804511278195489,0.0,28,3,4,,,0,0,277.0,1239.1
A-02fac6,2023-04-06,Pro,event,FinTech,US,22,False,False,635,1.0,7686.0,0.0,198,0.8,0.3609508908145218,0.3018867924528302,0.06614785992217899,1,0.0,3.3333333333333335,0,1,0.5,1,0,437,0.0,1,0.0,0.0,4,4,3,,,1,0,635.0,0.0
A-c1dfe1,2023-08-07,Pro,ads,DevTools,DE,26,False,False,512,2.0,1771.0,0.0,80,0.6,0.3179778211398432,0.28205128205128205,0.08,1,0.0,3.3333333333333335,0,1,0.0,1,1,432,1.0,1,0.2846153846153846,0.0,8,8,0,,,1,0,512.0,112.10000000000001
A-32728c,2023-01-03,Pro,event,DevTools,US,20,False,True,728,2.0,1723.0,0.0,91,0.65,0.4644109242949366,0.3902439024390244,0.05275779376498801,1,1.0,3.5,0,0,0.0,1,0,637,1.0,1,0.8214285714285715,0.0,17,1,1,2024-07-19,budget,1,1,563.0,332.0
A-4c38bc,2024-03-09,Basic,event,HealthTech,UK,36,False,True,297,0.0,0.0,784.8000000000001,8,0.925,0.4024691022872123,0.2345679012345679,0.033169533169533166,1,0.0,3.3333333333333335,0,1,0.3333333333333333,1,0,289,2.0,1,0.0,-648.0,2,3,5,2024-12-28,,0,1,294.0,2952.0000000000005
A-1b707d,2023-07-14,Enterprise,organic,Cybersecurity,US,1,False,False,536,0.0,0.0,0.0,123,0.675,0.3516503349987828,0.2894736842105263,0.03007518796992481,1,0.0,3.0,0,0,0.0,1,0,413,1.0,1,0.0,0.0,18,7,4,,,1,0,536.0,352.70000000000005
A-6f8ad2,2024-07-09,Basic,organic,EdTech,IN,1,False,False,175,1.0,3025.0,0.0,33,0.95,0.32459631485540297,0.26136363636363635,0.0641304347826087,1,0.0,4.0,0,1,0.25,1,1,162,2.0,1,0.031166856708475865,1862.6000000000001,0,7,1,,,0,0,175.0,2592.8
A-4d1e75,2024-08-21,Basic,other,DevTools,US,20,False,False,132,0.0,0.0,1369.8000000000002,17,0.7,0.3603836288279261,0.45098039215686275,0.05241090146750524,1,0.0,4.0,0,0,0.5,1,1,115,0.0,1,-1.161290322580645,-477.60000000000014,16,8,2,,,1,0,132.0,3139.0000000000005
A-9ee962,2023-02-28,Basic,ads,HealthTech,US,9,False,True,672,0.0,0.0,0.0,115,0.625,0.2955667903446202,0.28205128205128205,0.0387243735763098,1,0.0,3.3333333333333335,0,0,0.3333333333333333,1,1,557,2.0,1,0.0,0.0,6,2,1,2024-10-03,support,0,1,583.0,313.6
A-378b99,2024-09-01,Pro,ads,EdTech,UK,8,True,False,121,1.0,408.0,222.3,9,0.825,0.3596038385287958,0.29310344827586204,0.06725663716814159,1,0.0,4.0,0,0,0.3333333333333333,1,1,112,1.0,1,0.0,-80.19999999999999,0,9,6,,,1,0,121.0,1211.6000000000001
A-94d3da,2023-05-03,Basic,other,HealthTech,US,41,False,False,608,1.0,3630.0,0.0,31,0.725,0.35729782669050686,0.4375,0.05422993492407809,1,0.0,3.3333333333333335,0,1,0.3333333333333333,1,0,577,1.0,1,-0.5,0.0,12,5,2,,,1,0,608.0,1217.7
A-e351e1,2024-09-26,Enterprise,other,EdTech,US,33,False,False,96,1.0,1848.0,287.1,1,0.45,0.43593982729894587,0.2413793103448276,0.07457627118644068,1,1.0,3.75,0,1,0.75,0,0,95,1.0,1,-0.06880733944954127,-287.1,17,9,3,,,0,0,96.0,349.8
A-9badbd,2024-06-19,Enterprise,ads,Cybersecurity,DE,5,True,False,195,0.0,0.0,650.2,10,0.825,0.30215170506971367,0.34285714285714286,0.061813186813186816,1,0.0,3.8,0,1,0.4,0,0,185,2.0,1,-0.19780219780219782,0.0,6,6,2,,,0,0,195.0,2073.6
A-7e0a10,2023-11-18,Enterprise,ads,FinTech,US,46,False,False,409,1.0,2232.0,312.8,11,0.85,0.35133188847664604,0.34,0.06862745098039216,1,0.0,3.4,0,1,0.2,1,0,398,0.0,1,0.038461538461538464,-138.0,17,11,5,,,1,0,409.0,2543.8
A-118d55,2024-10-22,Basic,organic,Cybersecurity,US,8,False,False,70,0.0,0.0,904.1000000000001,4,0.725,0.3632922205477105,0.25,0.05509181969949917,1,0.0,3.8,0,0,0.6,1,1,66,1.0,1,0.6363636363636364,-127.0,1,10,1,,,1,0,70.0,2391.9000000000005
A-526d93,2024-04-14,Basic,organic,HealthTech,FR,43,False,False,261,0.0,0.0,1830.8000000000002,5,0.7,0.29170745270470994,0.35714285714285715,0.07964601769911504,1,1.0,3.2,0,1,0.2,1,0,256,1.0,1,0.0,0.0,9,4,6,,,1,0,261.0,3064.4
A-f92792,2024-07-04,Pro,ads,FinTech,US,1,False,False,180,0.0,0.0,155.9,3,0.8,0.3519869559435152,0.3584905660377358,0.058823529411764705,1,0.0,3.5,0,0,0.5,1,1,177,0.0,1,0.0,540.5999999999999,4,7,3,,,0,0,180.0,1880.7
A-84ebe4,2023-03-12,Pro,ads,FinTech,US,18,True,True,660,0.0,0.0,0.0,59,0.675,0.37711362700018297,0.2619047619047619,0.06565656565656566,1,0.0,3.5,0,0,0.5,0,0,601,2.0,1,0.0,0.0,15,3,6,2024-01-20,support,1,1,314.0,810.3000000000001
A-5b4ebb,2024-07-10,Basic,other,Cybersecurity,UK,21,True,True,174,0.0,0.0,95.0,1,0.85,0.2802020942023955,0.2714285714285714,0.036127167630057806,1,0.0,4.4,0,0,0.4,1,0,173,1.0,1,0.01645123384253819,3.8000000000000114,6,7,2,2024-11-27,,0,1,140.0,2780.3
A-2922b6,2024-11-14,Basic,organic,HealthTech,US,15,False,False,47,1.0,756.0,170.4,21,0.675,0.32208357274835886,0.21621621621621623,0.03324808184143223,1,0.0,3.5,0,1,0.5,1,0,26,1.0,1,0.24903474903474904,726.1,13,11,3,,,1,0,47.0,1066.9
A-9b9fe9,2023-09-28,Basic,other,EdTech,AU,5,False,False,460,0.0,0.0,0.0,53,0.75,0.36960713857407973,0.25862068965517243,0.037037037037037035,1,0.0,3.75,0,1,0.5,0,1,442,1.0,1,0.0,44.1,16,9,3,,,1,0,460.0,285.70000000000005
A-a8b49c,2023-10-06,Basic,partner,Cybersecurity,UK,7,False,False,452,2.0,5304.0,13.3,8,0.675,0.34066906394463703,0.2222222222222222,0.07889908256880734,1,0.0,4.0,0,0,0.0,1,0,444,0.0,1,-0.017827298050139277,21.000000000000004,6,10,4,,,1,0,452.0,388.8
A-9174e0,2024-12-04,Basic,partner,Cybersecurity,US,37,False,False,27,0.0,0.0,5397.6,3,0.85,0.3901479186424868,0.30434782608695654,0.08853410740203194,1,0.0,4.0,0,1,0.0,1,0,25,1.0,1,-0.46153846153846156,0.0,2,12,2,,,0,0,27.0,5397.6
A-a1bbb6,2023-04-05,Basic,organic,DevTools,CA,1,False,False,636,0.0,0.0,102.9,12,0.575,0.3683719547948415,0.35135135135135137,0.054945054945054944,1,0.0,3.3333333333333335,0,1,0.6666666666666666,0,0,624,1.0,1,-0.08333333333333333,454.30000000000007,1,4,2,,,0,0,636.0,1182.1000000000001
A-c45b23,2023-12-08,Basic,partner,FinTech,UK,5,False,False,389,0.0,0.0,15.200000000000001,21,0.8,0.3654103932918,0.3050847457627119,0.05163511187607573,1,0.0,3.0,0,1,0.3333333333333333,0,0,368,1.0,1,0.0,9.299999999999999,8,12,4,,,1,0,389.0,275.90000000000003
A-02cd81,2024-03-28,Basic,other,HealthTech,IN,44,False,False,278,1.0,4048.0,167.20000000000002,0,0.775,0.3618798046560207,0.3611111111111111,0.04093567251461988,1,0.0,4.0,0,1,0.6666666666666666,0,0,278,1.0,1,-0.012358393408856848,1139.6000000000001,5,3,3,,,0,0,278.0,3080.0
A-ee42db,2023-04-25,Enterprise,ads,EdTech,DE,13,False,False,616,0.0,0.0,63.7,6,0.775,0.371562378591928,0.3148148148148148,0.06457925636007827,1,0.0,3.0,0,1,0.5,1,1,610,0.0,1,0.3147410358565737,0.0,5,4,1,,,0,0,616.0,169.20000000000002
A-432483,2023-02-06,Pro,ads,Cybersecurity,US,4,False,False,694,1.0,1152.0,0.0,55,0.625,0.41054869611087214,0.28888888888888886,0.06208425720620843,1,0.0,3.0,0,1,0.0,1,0,639,3.0,1,0.05555555555555555,0.0,19,2,0,,,0,0,694.0,24.5
A-9208f0,2023-05-11,Pro,organic,EdTech,US,1,False,True,600,0.0,0.0,278.6,4,0.725,0.42715455177711353,0.2830188679245283,0.05762081784386617,1,0.0,3.125,0,1,0.375,1,0,596,1.0,1,0.0,0.0,20,5,3,2024-11-09,features,1,1,548.0,351.1
A-98a59a,2023-08-04,Enterprise,partner,FinTech,UK,56,False,False,515,1.0,1704.0,274.40000000000003,29,0.675,0.3060807719107072,0.3181818181818182,0.046357615894039736,1,0.0,4.0,0,1,0.0,1,1,486,0.0,1,-0.17857142857142858,-168.00000000000003,0,8,4,,,1,0,515.0,761.6
A-fe79a5,2024-02-21,Basic,ads,HealthTech,IN,9,True,False,314,0.0,0.0,0.0,91,0.55,0.2817356917396161,0.2727272727272727,0.051515151515151514,1,0.0,4.0,0,0,0.5,1,0,304,2.0,1,0.0,0.0,23,2,2,,,0,0,314.0,358.20000000000005
A-726cfa,2023-07-01,Pro,partner,DevTools,US,11,False,False,549,0.0,0.0,98.0,14,1.0,0.4456080178141232,0.2755102040816326,0.0455005055611729,1,0.0,3.6666666666666665,0,0,0.3333333333333333,1,0,535,2.0,1,0.042207792207792215,646.0,5,7,5,,,1,0,549.0,1052.7
A-c43359,2024-11-16,Pro,organic,FinTech,US,38,False,False,45,0.0,0.0,1159.0,2,0.7,0.3027493127647878,0.3404255319148936,0.06956521739130435,1,0.0,3.3333333333333335,0,1,0.3333333333333333,1,1,43,2.0,1,0.0,-1086.8,2,11,5,,,1,0,45.0,1231.2
A-271f46,2023-02-09,Pro,event,DevTools,US,38,False,True,691,1.0,1965.0,0.0,48,0.625,0.3998790822297761,0.2631578947368421,0.043010752688172046,1,1.0,3.0,0,0,0.0,0,0,643,0.0,1,-0.375,0.0,11,2,3,2024-08-09,features,1,1,547.0,144.4
A-157070,2023-11-09,Pro,ads,FinTech,US,16,False,False,418,0.0,0.0,0.0,33,0.925,0.2838934274036782,0.23943661971830985,0.03735632183908046,1,0.0,3.0,0,1,0.0,1,1,385,4.0,1,0.0,0.0,3,11,3,,,1,0,418.0,1167.7
A-40a557,2023-12-03,Pro,partner,Cybersecurity,AU,16,True,False,394,0.0,0.0,0.0,39,0.625,0.279899184077265,0.20512820512820512,0.04228855721393035,1,0.0,3.2857142857142856,0,1,0.42857142857142855,1,0,355,1.0,1,0.14285714285714285,0.0,5,12,6,,,1,0,394.0,1731.3000000000002
A-66224b,2024-10-18,Pro,other,HealthTech,US,92,True,False,74,0.0,0.0,2162.2000000000003,2,0.85,0.3146160878890663,0.2786885245901639,0.0464,1,0.0,3.5,0,1,0.16666666666666666,0,0,72,1.0,1,-0.16887417218543047,73.59999999999991,27,10,4,,,0,0,74.0,6560.200000000001
A-91e948,2023-01-29,Basic,partner,EdTech,AU,41,False,False,702,2.0,3209.0,0.0,197,0.575,0.3616202853397895,0.3,0.04,0,0.0,3.0,1,0,0.0,1,0,505,0.0,1,-0.023181454836131096,0.0,5,1,6,,,0,0,702.0,0.0
A-104f1a,2024-08-17,Pro,other,Cybersecurity,US,24,False,False,136,0.0,0.0,798.7,16,0.7,0.4101172903097951,0.38636363636363635,0.05069124423963134,1,0.0,3.6,0,0,0.4,0,0,120,1.0,1,0.0,-681.1,16,8,5,,,1,0,136.0,1261.7
A-7988d1,2023-12-20,Basic,other,Cybersecurity,US,33,False,False,377,1.0,2480.0,0.0,131,0.775,0.3415394236051714,0.21739130434782608,0.062360801781737196,1,0.0,4.333333333333333,0,1,0.3333333333333333,0,0,294,1.0,1,0.45454545454545453,0.0,8,12,2,,,1,0,377.0,125.4
A-faa28c,2024-01-30,Enterprise,organic,HealthTech,US,48,False,False,336,1.0,4430.0,1508.9,6,0.625,0.31654689197229435,0.3220338983050847,0.041025641025641026,1,0.0,4.25,0,1,0.0,1,0,330,2.0,1,-0.1518467852257182,0.0,3,1,1,,,0,0,336.0,2646.5
A-f25509,2024-03-22,Enterprise,other,EdTech,US,32,False,False,284,2.0,2306.5,0.0,67,0.425,0.28546730288222993,0.391304347826087,0.06550218340611354,1,1.0,3.8333333333333335,0,1,0.3333333333333333,0,1,217,0.0,1,0.0,0.0,3,3,4,,,0,0,284.0,1273.6000000000001
A-3a7284,2024-11-17,Enterprise,organic,FinTech,US,31,False,False,44,0.0,0.0,3109.1000000000004,11,0.825,0.3591017778604161,0.31666666666666665,0.04926108374384237,1,0.0,3.3333333333333335,0,1,0.0,1,1,33,3.0,1,-0.3979591836734694,-2666.3,9,11,6,,,1,0,44.0,3551.9000000000005
A-3a5ad8,2023-12-05,Enterprise,organic,HealthTech,US,9,True,False,392,1.0,1644.0,17.1,27,0.675,0.3152514923063181,0.40384615384615385,0.04563492063492063,1,0.0,3.75,0,1,0.25,1,1,379,0.0,1,0.6666666666666666,201.8,16,12,1,,,0,0,392.0,1121.6000000000001
A-65a46c,2023-11-04,Pro,event,HealthTech,US,1,False,False,423,1.0,275.0,0.0,122,0.6,0.3819008680055704,0.34210526315789475,0.05675675675675676,1,0.0,3.625,0,1,0.125,1,0,301,1.0,1,0.35714285714285715,0.0,5,11,5,,,0,0,423.0,1851.0
A-8b25f2,2024-02-17,Pro,ads,Cybersecurity,US,6,False,True,318,2.0,1581.0,0.0,35,0.725,0.4105064197946956,0.2222222222222222,0.035523978685612786,1,0.0,4.0,0,0,0.5,1,1,316,2.0,1,-2.0,29.400000000000002,4,2,5,2024-10-18,,0,1,244.0,317.6
A-fabe19,2024-11-11,Enterprise,ads,DevTools,UK,1,False,False,50,0.0,0.0,716.4000000000001,12,0.5,0.33850892045583825,0.15151515151515152,0.04747774480712166,1,0.0,3.3333333333333335,0,1,0.0,1,0,38,2.0,1,0.47619047619047616,616.9000000000001,6,11,0,,,0,0,50.0,2049.7000000000003
A-adc1f3,2024-08-05,Pro,organic,Cybersecurity,US,2,False,False,148,0.0,0.0,1273.6,5,0.6,0.23133133454149438,0.25,0.07784431137724551,1,0.0,3.3333333333333335,0,1,0.3333333333333333,0,0,143,1.0,1,0.0,716.4,9,8,0,,,0,0,148.0,2660.8
A-503d5a,2023-10-21,Enterprise,other,FinTech,US,4,False,True,437,0.0,0.0,331.90000000000003,0,0.85,0.30929098449747366,0.3389830508474576,0.05289256198347107,1,1.0,3.3333333333333335,0,1,0.4444444444444444,0,1,437,0.0,1,0.0,-331.90000000000003,16,10,5,2024-01-19,,0,1,90.0,546.0
A-fd7ad3,2024-11-01,Enterprise,event,Cybersecurity,US,1,False,False,60,0.0,0.0,89.20000000000002,1,0.775,0.4932228213742816,0.23214285714285715,0.07513416815742398,1,0.0,3.875,0,1,0.125,1,0,59,2.0,1,-0.5491803278688525,204.70000000000002,36,11,4,,,0,0,60.0,383.1
A-186a44,2023-08-07,Enterprise,ads,HealthTech,US,20,False,False,512,0.0,0.0,38.0,16,0.75,0.3383507191514846,0.39344262295081966,0.04084967320261438,1,0.0,3.2857142857142856,0,1,0.2857142857142857,1,1,496,1.0,1,-0.05555555555555555,0.0,34,8,0,,,0,0,512.0,136.0
A-e888d1,2023-03-28,Pro,other,Cybersecurity,US,14,False,False,644,0.0,0.0,0.0,44,0.775,0.29088556235537183,0.34615384615384615,0.06533575317604355,1,0.0,3.6,0,1,0.0,1,0,600,2.0,1,0.0,0.0,12,3,1,,,1,0,644.0,739.4000000000001
A-69fad4,2023-04-06,Basic,ads,FinTech,UK,6,False,True,635,1.0,2486.0,0.0,109,0.6,0.32391168495825573,0.20512820512820512,0.05825242718446602,1,0.0,3.5,0,1,0.25,0,0,526,2.0,1,-0.08333333333333333,0.0,16,4,3,2024-06-17,support,0,1,438.0,214.4
A-9289f6,2023-05-31,Enterprise,event,EdTech,US,1,False,False,580,2.0,3510.5,0.0,34,0.825,0.43915771371928813,0.3382352941176471,0.059190031152647975,1,2.0,3.6666666666666665,0,0,0.3333333333333333,1,0,546,1.0,1,-0.1572052401746725,0.0,32,5,2,,,1,0,580.0,64.60000000000001
A-f19409,2023-03-16,Basic,other,DevTools,US,23,False,True,656,0.0,0.0,0.0,37,0.825,0.39207085660282615,0.1935483870967742,0.04704097116843703,1,0.0,3.3333333333333335,0,1,1.0,1,0,619,1.0,1,0.0,0.0,4,3,3,2023-05-25,features,1,1,70.0,673.3000000000001
A-22f2df,2024-12-14,Basic,ads,DevTools,US,3,False,False,17,0.0,0.0,745.1,2,0.625,0.27690693673183986,0.16666666666666666,0.039627039627039624,1,0.0,3.4,0,1,0.2,1,1,15,0.0,1,0.0,0.0,22,12,5,,,0,0,17.0,745.1
A-039727,2024-11-02,Pro,organic,EdTech,AU,25,False,False,59,1.0,3054.0,1335.0,5,0.825,0.305419411024062,0.25675675675675674,0.041666666666666664,1,0.0,3.0,1,0,0.0,1,1,54,1.0,1,0.35714285714285715,972.0,9,11,5,,,1,0,59.0,3642.0
A-2e3bad,2023-08-13,Pro,other,FinTech,CA,61,False,False,506,1.0,5796.0,1213.9,6,0.625,0.3674728146342895,0.28888888888888886,0.059770114942528735,1,0.0,3.2,0,0,0.6,0,0,500,2.0,1,-0.15343915343915343,0.0,49,8,6,,,1,0,506.0,1811.7000000000003
A-484819,2023-02-21,Pro,organic,HealthTech,US,18,False,False,679,0.0,0.0,358.20000000000005,2,0.55,0.31005099049863344,0.30303030303030304,0.05952380952380952,1,0.0,3.6,0,1,0.6,1,0,677,2.0,1,-0.4,0.0,10,2,1,,,0,0,679.0,750.6000000000001
A-425e76,2023-05-17,Enterprise,other,DevTools,UK,8,False,True,594,0.0,0.0,0.0,35,0.725,0.3901868217098536,0.3333333333333333,0.0547945205479452,1,0.0,3.2,0,0,0.4,1,0,559,1.0,1,1.064516129032258,0.0,10,5,2,2024-10-22,competitor,1,1,524.0,888.4000000000002
A-e83938,2023-11-21,Pro,other,DevTools,UK,2,True,True,406,0.0,0.0,0.0,79,0.55,0.25492861612193224,0.3225806451612903,0.06766917293233082,1,0.0,3.0,0,0,0.5,1,0,327,0.0,1,0.0,0.0,16,11,1,2024-12-29,budget,0,1,404.0,318.40000000000003
A-ad296b,2024-07-15,Pro,event,DevTools,AU,38,False,False,169,0.0,0.0,828.4000000000001,10,0.6,0.34714884263572754,0.3548387096774194,0.040955631399317405,1,0.0,3.6666666666666665,0,1,0.3333333333333333,0,0,161,1.0,1,0.0,0.0,17,7,0,,,0,0,169.0,1843.0000000000002
A-e51ec7,2023-09-23,Enterprise,partner,FinTech,CA,2,False,False,465,0.0,0.0,0.0,65,0.65,0.34872270182243403,0.2,0.04316546762589928,1,0.0,3.6666666666666665,0,0,0.3333333333333333,1,1,400,1.0,1,-0.1,0.0,26,9,5,,,1,0,465.0,497.5
A-0aaf6e,2024-05-11,Enterprise,organic,FinTech,US,3,False,False,234,0.0,0.0,0.0,36,0.625,0.371367827037918,0.22807017543859648,0.0651085141903172,1,1.0,3.4,0,0,0.2,0,0,198,1.0,1,-0.1683937823834197,0.0,8,5,5,,,0,0,234.0,226.9
A-e61e98,2023-10-20,Enterprise,partner,FinTech,US,19,False,True,438,0.0,0.0,274.40000000000003,16,0.8,0.4034430626991285,0.3392857142857143,0.04743833017077799,1,0.0,4.333333333333333,0,1,0.3333333333333333,1,0,422,0.0,1,-3.0,-78.40000000000003,4,10,4,2024-10-19,features,1,1,365.0,506.5
A-92a333,2023-03-24,Enterprise,event,FinTech,US,9,False,False,648,1.0,6538.0,0.0,133,0.55,0.3121548510105142,0.2777777777777778,0.08264462809917356,1,0.0,3.0,0,0,0.5,0,1,515,0.0,1,0.0,0.0,11,3,4,,,0,0,648.0,673.8000000000001
A-95b24a,2023-06-06,Pro,event,FinTech,US,38,False,True,574,3.0,3530.6666666666665,0.0,38,0.8,0.3434032413310437,0.27419354838709675,0.05564648117839607,1,0.0,4.0,0,1,0.6,1,1,536,0.0,1,-0.04804015296367112,0.0,0,6,1,2023-09-04,,0,1,90.0,1317.1000000000001
A-42e5e1,2024-07-09,Pro,ads,DevTools,US,1,False,True,175,0.0,0.0,402.9,12,0.6,0.35561204158323717,0.3902439024390244,0.09975669099756691,1,0.0,4.0,0,0,0.3333333333333333,1,1,163,1.0,1,0.0,-401.0,5,7,1,2024-10-04,pricing,1,1,87.0,891.5999999999999
A-7d514c,2024-02-03,Enterprise,organic,HealthTech,DE,17,False,False,332,1.0,7616.0,0.0,46,0.75,0.335934113140451,0.22916666666666666,0.05976095617529881,1,0.0,3.6666666666666665,0,1,0.3333333333333333,1,0,322,1.0,1,0.0,708.9,20,2,5,,,0,0,332.0,1647.9
A-65aeb5,2024-01-25,Pro,partner,DevTools,US,9,False,False,341,0.0,0.0,17.1,8,0.75,0.36191207627984623,0.2909090909090909,0.075046904315197,1,0.0,4.0,0,0,0.0,0,1,333,3.0,1,-0.023809523809523808,1236.6,20,1,3,,,1,0,341.0,1314.9
A-e2cd1b,2024-02-04,Enterprise,other,DevTools,US,15,False,False,331,0.0,0.0,83.60000000000001,18,0.725,0.339472618532255,0.20408163265306123,0.03870967741935484,1,0.0,3.8,0,1,0.2,1,0,313,0.0,1,0.588607594936709,0.0,6,2,6,,,0,0,331.0,676.1
A-180abf,2023-08-14,Pro,event,DevTools,US,64,False,True,505,0.0,0.0,0.0,33,0.725,0.3052854944342236,0.25,0.05622489959839357,1,1.0,3.0,0,0,0.3333333333333333,1,0,472,2.0,1,0.0,0.0,14,8,0,2024-09-12,support,0,1,395.0,1273.6000000000001
A-f17767,2023-01-30,Enterprise,event,DevTools,US,1,True,True,701,0.0,0.0,68.60000000000001,16,0.875,0.300604026099359,0.3188405797101449,0.05329593267882188,1,0.0,3.6666666666666665,0,1,0.3333333333333333,1,1,685,2.0,1,0.0,50.8,6,1,0,2023-05-03,pricing,0,1,93.0,191.8
A-5a184f,2023-06-19,Enterprise,other,DevTools,DE,1,False,True,561,0.0,0.0,0.0,76,0.75,0.3806633756572373,0.2982456140350877,0.04974271012006861,1,1.0,4.333333333333333,0,0,0.6666666666666666,0,1,488,1.0,1,0.0,0.0,21,6,0,2024-09-11,support,1,1,450.0,779.3
A-7df7a7,2023-01-28,Basic,organic,DevTools,US,7,False,True,703,2.0,2731.0,34.300000000000004,8,0.9,0.3367517299968062,0.31868131868131866,0.05131004366812227,1,0.0,4.0,0,1,0.3333333333333333,0,1,695,1.0,1,0.055269922879177376,-34.300000000000004,12,1,5,2024-07-10,budget,1,1,529.0,929.8
A-1ac5e0,2024-10-20,Basic,event,DevTools,US,33,False,True,72,0.0,0.0,1438.8000000000002,4,0.775,0.39369492163027636,0.30357142857142855,0.05555555555555555,1,0.0,3.5714285714285716,0,0,0.14285714285714285,0,0,68,0.0,1,0.375,260.70000000000016,20,10,6,2025-01-18,,0,1,90.0,1824.9
A-52dd88,2023-02-21,Pro,ads,Cybersecurity,US,23,False,False,679,0.0,0.0,0.0,33,0.7,0.3273678339169988,0.28,0.06407766990291262,1,0.0,3.0,0,0,0.0,1,0,646,0.0,1,0.2,0.0,39,2,1,,,0,0,679.0,127.4
A-bece89,2023-12-01,Pro,event,Cybersecurity,IN,26,False,False,396,1.0,3996.0,0.0,48,0.4,0.31679414742461554,0.3684210526315789,0.07386363636363637,1,0.0,3.75,0,1,0.0,1,0,348,0.0,1,0.0,0.0,3,12,4,,,1,0,396.0,1738.8
A-029f69,2024-03-07,Basic,event,Cybersecurity,CA,3,False,False,299,0.0,0.0,0.0,63,0.925,0.3670754814697482,0.23809523809523808,0.05343511450381679,1,0.0,3.0,0,1,0.0,1,0,236,3.0,1,-0.2032967032967033,0.0,0,3,3,,,1,0,299.0,767.6
A-5c046d,2024-07-06,Basic,partner,EdTech,FR,93,False,False,178,0.0,0.0,455.70000000000005,17,0.675,0.3524663739677362,0.1956521739130435,0.048728813559322036,1,0.0,3.0,0,0,1.0,0,0,161,0.0,1,0.0,-279.0,14,7,5,,,0,0,178.0,7831.400000000001
A-fb186e,2024-10-27,Basic,organic,EdTech,IN,29,False,False,65,1.0,6864.0,0.0,56,0.375,0.3073238440303173,0.4,0.033816425120772944,1,0.0,3.3333333333333335,0,1,0.5,0,0,45,0.0,1,0.0,577.1,64,10,6,,,0,0,65.0,577.1
A-ae052e,2023-09-11,Basic,other,FinTech,CA,39,False,False,477,0.0,0.0,0.0,202,0.6,0.34816390823272425,0.3793103448275862,0.04,1,0.0,3.5,0,1,0.25,1,1,344,3.0,1,0.0,0.0,30,9,0,,,1,0,477.0,0.0
A-9f9299,2023-09-02,Enterprise,organic,FinTech,US,28,True,False,486,1.0,896.0,0.0,83,0.925,0.4118876510331374,0.32941176470588235,0.06506024096385542,1,0.0,3.4,0,1,0.4,0,0,403,3.0,1,0.5573770491803278,0.0,5,9,5,,,0,0,486.0,1251.6000000000001
A-96e141,2023-08-12,Basic,partner,DevTools,UK,14,False,False,507,0.0,0.0,0.0,115,0.65,0.3216818093327068,0.25,0.05491329479768786,1,0.0,3.8,0,1,0.6,0,0,444,1.0,1,0.0,0.0,14,8,5,,,1,0,507.0,156.8
A-117171,2024-09-12,Basic,organic,HealthTech,FR,45,False,True,110,0.0,0.0,895.5,20,0.375,0.304830535075592,0.19047619047619047,0.05314009661835749,1,0.0,3.3333333333333335,0,1,0.3333333333333333,0,1,90,1.0,1,0.0,-405.0,20,9,3,2024-11-14,pricing,0,1,63.0,1201.5
A-313be3,2023-11-15,Enterprise,partner,EdTech,US,47,True,False,412,1.0,104.0,230.3,26,0.825,0.2935673997258861,0.24561403508771928,0.07142857142857142,1,0.0,3.5,0,1,0.5,1,0,402,0.0,1,-0.17647058823529413,0.0,12,11,2,,,1,0,412.0,1165.6000000000001
A-671f31,2024-11-24,Basic,ads,DevTools,US,59,False,False,37,0.0,0.0,3038.5,3,0.325,0.23665008543249558,0.11764705882352941,0.09580838323353294,0,0.0,3.857142857142857,0,1,0.14285714285714285,0,1,34,0.0,1,0.0,-690.3,6,11,6,,,0,0,37.0,3038.5
A-bbc346,2024-08-29,Enterprise,partner,FinTech,US,19,False,False,124,2.0,1878.5,949.2,2,0.85,0.320478250220532,0.2903225806451613,0.05701078582434515,1,1.0,4.0,0,1,0.0,1,1,122,2.0,1,0.14909090909090908,324.39999999999986,8,8,3,,,1,0,124.0,3312.2000000000003
A-c16101,2024-09-06,Basic,other,EdTech,IN,7,False,False,116,0.0,0.0,583.3000000000001,0,0.775,0.3413532021622823,0.2727272727272727,0.05169340463458111,1,0.0,3.5,0,1,0.25,1,1,116,0.0,1,0.0,-396.50000000000006,11,9,4,,,0,0,116.0,1242.2
A-50f3f7,2023-12-22,Basic,partner,HealthTech,US,31,False,True,375,2.0,1826.0,895.5,14,0.75,0.37424245660791206,0.19444444444444445,0.06569343065693431,1,0.0,4.0,0,1,0.16666666666666666,0,1,361,0.0,1,-0.6027190332326284,-836.5999999999999,3,12,4,2024-03-21,,0,1,90.0,1355.1
A-7da956,2024-06-02,Pro,event,Cybersecurity,US,13,True,False,212,0.0,0.0,0.0,48,0.7,0.3208931858715689,0.3137254901960784,0.06445672191528545,1,0.0,3.6666666666666665,0,1,0.3333333333333333,1,1,199,2.0,1,0.0,88.4,9,6,6,,,0,0,212.0,1096.3
A-019782,2023-04-19,Enterprise,event,DevTools,FR,11,False,False,622,0.0,0.0,0.0,50,0.7,0.32603574671164043,0.4727272727272727,0.053763440860215055,1,0.0,3.0,0,1,1.0,1,0,572,1.0,1,0.0,0.0,11,4,2,,,0,0,622.0,733.9000000000001
A-df10db,2023-06-06,Enterprise,other,DevTools,US,2,True,False,574,0.0,0.0,0.0,80,0.775,0.3686737016429538,0.328125,0.05747126436781609,1,0.0,3.0,0,0,0.0,1,0,494,1.0,1,-0.9090909090909091,0.0,7,6,1,,,1,0,574.0,83.5
A-3932db,2023-10-04,Pro,other,HealthTech,CA,19,True,True,454,0.0,0.0,0.0,67,0.7,0.30723100802956294,0.2391304347826087,0.06451612903225806,1,0.0,3.6666666666666665,0,1,0.16666666666666666,1,1,387,1.0,1,0.0,0.0,10,10,2,2024-08-10,,0,1,311.0,157.70000000000002
A-4f18f0,2024-04-21,Pro,other,DevTools,CA,24,True,False,254,2.0,3621.0,117.60000000000001,7,0.825,0.2992918597021152,0.2982456140350877,0.046296296296296294,1,0.0,3.8,0,1,0.2,0,1,250,3.0,1,-0.2910284463894967,405.6,9,4,6,,,1,0,254.0,2980.8
A-4c6f11,2023-11-27,Pro,organic,FinTech,CA,24,True,True,400,0.0,0.0,0.0,124,0.5,0.2623087365951414,0.2916666666666667,0.014925373134328358,1,2.0,4.333333333333333,0,1,0.3333333333333333,0,1,276,0.0,1,0.0,0.0,8,11,0,2024-10-18,competitor,1,1,326.0,595.2
A-8ae05d,2024-04-06,Enterprise,other,FinTech,IN,86,False,False,269,0.0,0.0,0.0,56,0.4,0.3295245016646591,0.2,0.04926108374384237,1,0.0,4.0,0,0,0.0,0,0,213,1.0,1,0.0,0.0,7,4,5,,,1,0,269.0,490.20000000000005
A-b78bf8,2024-11-15,Pro,event,DevTools,US,33,False,False,46,1.0,5630.0,2080.6000000000004,2,0.6,0.3685364085005889,0.21428571428571427,0.02619047619047619,1,1.0,4.2,0,1,0.4,1,1,44,0.0,1,0.1836461126005362,-1918.9000000000003,25,11,4,,,0,0,46.0,2242.3
A-eafc6e,2023-07-06,Pro,partner,DevTools,US,27,False,True,544,1.0,2511.0,0.0,33,0.575,0.3304374205335844,0.28125,0.05,1,1.0,3.0,0,0,0.0,0,0,511,0.0,1,0.0,0.0,31,7,3,2024-12-12,unknown,0,1,525.0,808.9000000000001
A-37f969,2023-10-14,Enterprise,partner,HealthTech,IN,30,False,False,444,0.0,0.0,243.9,10,0.625,0.3847604783301638,0.375,0.04487179487179487,1,0.0,3.4,0,1,0.8,1,0,434,0.0,1,0.0,-96.9,6,10,5,,,0,0,444.0,987.9
A-10b8f2,2023-01-11,Basic,organic,HealthTech,DE,47,True,False,720,1.0,2448.0,0.0,98,0.725,0.4088098940303008,0.25,0.04107142857142857,1,0.0,4.333333333333333,0,1,0.3333333333333333,1,0,695,0.0,1,-0.16974595842956117,0.0,5,1,2,,,1,0,720.0,186.20000000000002
A-439b2f,2024-02-21,Enterprise,ads,DevTools,US,1,False,True,314,0.0,0.0,13.3,17,0.35,0.43350740410072686,0.3,0.029239766081871343,1,0.0,3.0,0,1,0.6666666666666666,1,0,297,1.0,1,0.0,-13.3,2,2,2,2024-11-18,features,1,1,271.0,52.2
A-544d0a,2024-05-02,Basic,organic,DevTools,US,2,True,False,243,0.0,0.0,210.70000000000002,22,0.675,0.2992204404319971,0.1276595744680851,0.043137254901960784,1,0.0,4.0,0,1,0.0,1,1,221,0.0,1,0.0,-160.4,13,5,3,,,0,0,243.0,1805.6000000000001
A-ba6516,2023-10-29,Pro,ads,FinTech,US,27,False,False,429,1.0,6608.0,0.0,73,0.775,0.42303296059274903,0.21666666666666667,0.050078247261345854,1,0.0,3.6666666666666665,0,1,0.5,1,1,356,0.0,1,0.0,0.0,12,10,6,,,0,0,429.0,823.5000000000001
A-712426,2024-11-10,Enterprise,other,HealthTech,US,9,False,False,51,1.0,2926.0,670.5,7,0.8,0.283022735442574,0.3,0.04454022988505747,1,1.0,4.166666666666667,0,1,0.3333333333333333,1,0,51,2.0,1,0.0,-221.29999999999995,4,11,6,,,1,0,51.0,1119.7
A-038089,2023-12-19,Pro,other,DevTools,FR,5,False,True,378,1.0,6684.0,0.0,191,0.375,0.4085074134924688,0.3,0.07142857142857142,1,1.0,3.3333333333333335,0,1,0.5,0,0,187,0.0,1,-0.8333333333333334,0.0,33,12,1,2024-12-25,features,1,1,372.0,0.0
A-afa505,2023-12-27,Basic,partner,DevTools,US,70,True,False,370,0.0,0.0,343.0,12,0.825,0.4487223989017667,0.29411764705882354,0.055226824457593686,1,0.0,3.0,0,1,0.25,1,1,358,1.0,1,0.0,-343.0,1,12,2,,,1,0,370.0,3129.0
A-d5a319,2023-05-04,Enterprise,other,FinTech,US,15,False,True,607,1.0,3718.0,0.0,144,0.8,0.32341800654623654,0.2711864406779661,0.07119205298013245,1,0.0,4.0,0,0,1.0,1,1,553,0.0,1,0.07157894736842105,0.0,11,5,3,2023-08-02,,0,1,90.0,73.5
A-f97b9a,2023-07-09,Pro,event,FinTech,US,16,False,False,541,0.0,0.0,0.0,170,0.725,0.376118219170927,0.375,0.059033989266547404,1,0.0,3.2857142857142856,0,1,0.2857142857142857,1,0,478,0.0,1,0.35582822085889576,0.0,2,7,6,,,0,0,541.0,378.1
A-2f6a32,2024-08-26,Basic,organic,HealthTech,US,19,False,False,127,0.0,0.0,36.1,30,0.8,0.4843964137524288,0.18181818181818182,0.07033639143730887,1,0.0,3.5,0,0,0.0,1,0,106,2.0,1,-0.1087378640776699,56.349999999999994,4,8,0,,,0,0,127.0,751.3000000000001
A-856b1e,2023-10-31,Basic,partner,FinTech,US,19,False,False,427,0.0,0.0,93.10000000000001,2,0.425,0.31349367835180875,0.21739130434782608,0.10572687224669604,1,0.0,3.0,0,0,0.2,1,0,425,0.0,0,0.0,14.699999999999996,24,10,1,,,0,0,427.0,632.1
A-17939a,2024-12-26,Basic,organic,HealthTech,US,1,False,False,5,0.0,0.0,966.9,0,0.625,0.3607604086224005,0.2553191489361702,0.0979498861047836,1,0.0,3.857142857142857,0,1,0.2857142857142857,0,0,5,2.0,1,0.0,0.0,27,12,3,,,0,0,5.0,966.9
A-d27f50,2024-07-20,Enterprise,ads,Cybersecurity,UK,44,False,False,164,1.0,4840.0,1176.7,2,0.725,0.406786897954052,0.24,0.06444906444906445,1,0.0,3.75,0,1,0.25,1,0,162,3.0,1,0.0,-961.1,12,7,5,,,0,0,164.0,4481.5
A-e36807,2024-05-17,Pro,other,EdTech,AU,6,False,False,228,1.0,1386.0,153.9,15,0.675,0.29533026641318133,0.30612244897959184,0.06053811659192825,1,1.0,4.5,0,0,0.5,0,0,213,1.0,1,0.13703703703703704,32.30000000000001,2,5,4,,,0,0,228.0,679.5
A-ff79f2,2024-04-25,Basic,ads,DevTools,US,8,False,True,250,0.0,0.0,0.0,34,0.6,0.3215327626704499,0.24390243902439024,0.030534351145038167,1,0.0,3.0,0,0,0.0,1,0,216,2.0,1,0.0,0.0,39,4,3,2024-12-31,,0,1,250.0,2281.9
A-5b1bcd,2023-09-16,Pro,organic,DevTools,US,73,False,False,472,1.0,5750.0,1591.4,7,0.85,0.36374247217324385,0.36046511627906974,0.06257242178447277,1,0.0,3.75,0,1,0.25,1,0,465,1.0,1,0.0,-138.70000000000005,0,9,5,,,0,0,472.0,7540.900000000001
A-71615e,2024-05-18,Basic,organic,EdTech,US,15,False,False,227,0.0,0.0,0.0,40,0.725,0.3671848995387473,0.2903225806451613,0.06623586429725363,1,0.0,3.0,0,0,0.0,1,0,187,0.0,1,-0.9,0.0,9,5,5,,,1,0,227.0,3997.8
A-794a0b,2023-06-02,Basic,organic,HealthTech,DE,23,False,False,578,0.0,0.0,0.0,199,0.7,0.3843242681199757,0.34210526315789475,0.0893371757925072,1,0.0,3.0,1,0,0.0,0,0,512,0.0,1,0.0,0.0,11,6,4,,,1,0,578.0,0.0
A-86902e,2023-05-02,Enterprise,other,HealthTech,IN,34,False,False,609,0.0,0.0,0.0,206,0.8,0.35420333566264195,0.30158730158730157,0.05741626794258373,1,1.0,3.2222222222222223,0,1,0.1111111111111111,1,0,529,1.0,1,-0.16666666666666666,0.0,19,5,1,,,0,0,609.0,0.0
A-0532a9,2024-09-25,Pro,event,FinTech,IN,19,False,False,97,3.0,2596.6666666666665,702.6000000000001,1,0.75,0.38264510482107444,0.2777777777777778,0.05791505791505792,1,0.0,3.0,0,0,0.375,1,1,96,0.0,1,0.945823927765237,-142.35000000000005,6,9,2,,,1,0,97.0,1516.1000000000001
A-9779ad,2024-03-29,Pro,event,Cybersecurity,AU,40,True,True,277,0.0,0.0,796.0,9,0.725,0.30578443883673057,0.20930232558139536,0.06053268765133172,1,0.0,3.6666666666666665,0,1,0.6666666666666666,0,0,268,0.0,1,0.30662983425414364,0.0,11,3,4,2024-08-11,features,1,1,135.0,3576.0
A-f45426,2024-08-05,Basic,organic,HealthTech,US,9,False,False,148,0.0,0.0,38.0,4,0.825,0.38078151793707,0.26229508196721313,0.07852564102564102,1,1.0,3.3333333333333335,0,1,0.6666666666666666,0,1,148,2.0,1,0.0,593.0,5,8,0,,,1,0,148.0,1728.9
A-c1e51e,2024-10-02,Basic,organic,FinTech,US,3,False,False,90,1.0,11400.0,291.90000000000003,18,0.7,0.3553663750993458,0.34,0.06976744186046512,1,1.0,3.2,0,1,0.0,1,1,72,3.0,1,-1.5714285714285714,899.0999999999999,6,10,2,,,1,0,90.0,2390.5
A-fa3095,2023-09-03,Basic,ads,FinTech,US,70,False,False,485,0.0,0.0,0.0,94,0.775,0.3564550254733199,0.23728813559322035,0.07,1,0.0,3.8,0,1,0.0,0,0,470,0.0,1,0.0,0.0,16,9,6,,,1,0,485.0,3129.0
A-ad64c6,2024-02-23,Pro,event,DevTools,UK,12,False,False,312,0.0,0.0,238.8,13,0.4,0.36728234277922994,0.3,0.08450704225352113,1,0.0,3.5,0,0,0.5,0,0,299,1.0,1,0.0,0.0,50,2,4,,,0,0,312.0,854.8000000000001
A-39b19f,2023-02-03,Enterprise,partner,FinTech,US,1,False,False,697,0.0,0.0,196.0,20,0.75,0.4560876791510275,0.21818181818181817,0.06981132075471698,1,0.0,3.8333333333333335,0,0,0.0,1,1,677,2.0,1,0.09090909090909091,0.0,78,2,4,,,0,0,697.0,563.5
A-56962b,2024-04-09,Enterprise,partner,EdTech,UK,163,False,False,266,0.0,0.0,0.0,141,0.4,0.38664669234114024,0.3103448275862069,0.09225092250922509,1,0.0,3.0,0,0,0.5,1,0,230,1.0,1,0.0,0.0,41,4,1,,,0,0,266.0,2216.8
A-e60f9d,2024-08-26,Basic,other,FinTech,US,29,False,False,127,0.0,0.0,142.1,22,0.75,0.32562167091700567,0.25806451612903225,0.03815580286168521,1,0.0,3.0,0,1,0.0,0,1,105,2.0,1,0.0,1703.2000000000003,63,8,0,,,0,0,127.0,5081.700000000001
A-88c6ca,2024-10-25,Basic,ads,FinTech,DE,5,False,True,67,0.0,0.0,199.0,7,0.675,0.38408235135139795,0.37209302325581395,0.04269662921348315,1,0.0,3.0,0,1,0.0,0,0,60,0.0,1,0.0,246.90000000000003,4,10,4,2025-01-23,,0,1,90.0,644.9000000000001
A-158f4e,2023-03-03,Enterprise,other,FinTech,IN,61,False,False,669,1.0,2540.0,0.0,91,0.8,0.3364320511491562,0.2653061224489796,0.0640176600441501,1,0.0,3.8,0,1,0.6,0,0,578,1.0,1,0.08552631578947369,0.0,39,3,4,,,0,0,669.0,231.8
A-5b051a,2024-08-05,Enterprise,event,Cybersecurity,US,22,False,False,148,0.0,0.0,0.0,44,0.35,0.293347385494642,0.4375,0.09941520467836257,1,0.0,3.0,0,1,1.0,0,0,104,1.0,1,0.0,0.0,24,8,0,,,0,0,148.0,233.20000000000002
A-296d7c,2023-11-08,Enterprise,other,DevTools,DE,2,False,False,419,0.0,0.0,0.0,83,0.525,0.37105909352739735,0.3333333333333333,0.05070422535211268,1,0.0,3.6,0,1,0.2,0,0,336,0.0,1,0.0,0.0,35,11,2,,,1,0,419.0,47.5
A-1619f8,2024-05-20,Pro,organic,DevTools,US,29,False,False,225,0.0,0.0,1094.5,20,0.675,0.2964224087806076,0.23809523809523808,0.06018518518518518,1,0.0,3.6666666666666665,0,1,0.3333333333333333,1,0,205,0.0,1,0.0,0.0,24,5,0,,,0,0,225.0,1923.9
A-a1b80b,2023-11-27,Basic,organic,HealthTech,US,16,False,False,400,2.0,3144.5,0.0,105,0.825,0.3047684647657648,0.3333333333333333,0.06408544726301736,1,1.0,3.75,0,1,0.0,1,1,295,1.0,1,-0.5,0.0,4,11,0,,,1,0,400.0,1743.8
A-139c3b,2024-11-21,Enterprise,organic,HealthTech,US,10,True,True,40,0.0,0.0,853.7,5,0.675,0.2638090688825125,0.20454545454545456,0.03347280334728033,1,2.0,3.6666666666666665,0,1,0.5555555555555556,1,0,35,2.0,1,0.21978021978021978,-88.30000000000001,2,11,3,2024-12-31,,0,1,40.0,902.7
A-702032,2023-10-03,Pro,ads,HealthTech,US,28,False,False,455,0.0,0.0,0.0,204,0.475,0.3048114382602251,0.23076923076923078,0.0528169014084507,1,0.0,3.0,0,0,0.5,1,0,251,2.0,1,0.5,0.0,29,10,1,,,1,0,455.0,0.0
A-7a0d69,2024-06-15,Enterprise,ads,DevTools,DE,4,True,True,199,0.0,0.0,0.0,66,0.775,0.30812202145735806,0.3442622950819672,0.05115511551155116,1,1.0,4.0,0,1,0.5,1,0,163,0.0,1,0.0,0.0,8,6,5,2024-12-29,budget,0,1,197.0,1036.2
A-22d9d2,2024-03-22,Pro,event,DevTools,FR,8,False,False,284,1.0,2630.0,299.4,5,0.875,0.2740291589359742,0.29333333333333333,0.054987212276214836,1,0.0,3.6666666666666665,0,1,0.8333333333333334,1,1,279,3.0,1,-0.007451564828614009,-299.4,11,3,4,,,0,0,284.0,909.4000000000001
A-b9eed8,2024-02-23,Basic,organic,Cybersecurity,US,11,False,False,312,1.0,3288.0,298.5,22,0.725,0.3315949538054193,0.36065573770491804,0.08828250401284109,1,0.0,3.6,0,1,0.4,0,1,290,0.0,1,-0.05511811023622045,0.0,1,2,4,,,1,0,312.0,495.8
A-dfbd31,2023-12-04,Enterprise,partner,DevTools,UK,14,False,False,393,0.0,0.0,0.0,73,0.675,0.4635264272950924,0.24074074074074073,0.03171953255425709,1,0.0,3.8333333333333335,0,0,0.5,1,1,387,0.0,1,0.0,0.0,17,12,0,,,1,0,393.0,388.50000000000006
A-8e47ca,2024-02-15,Pro,organic,HealthTech,US,19,False,False,320,0.0,0.0,129.20000000000002,12,0.725,0.43542742998702405,0.2608695652173913,0.07936507936507936,1,1.0,3.4,0,0,0.4,1,0,308,1.0,1,0.0,248.9,27,2,3,,,1,0,320.0,1936.4
A-4437e4,2023-09-16,Enterprise,event,Cybersecurity,US,3,False,False,472,1.0,1248.0,0.0,62,0.925,0.4063479170396924,0.24096385542168675,0.05341614906832298,1,0.0,3.0,0,1,0.3333333333333333,1,1,410,1.0,1,-0.35649935649935655,0.0,21,9,5,,,1,0,472.0,404.70000000000005
A-779e4e,2023-01-02,Basic,organic,HealthTech,US,5,False,False,729,2.0,4725.5,375.30000000000007,7,0.7,0.4269557843256461,0.36363636363636365,0.05089058524173028,1,1.0,3.8,0,1,0.6,1,1,722,2.0,1,0.21699078812691913,-282.20000000000005,11,1,0,,,0,0,729.0,571.3000000000001
A-53f4e3,2024-06-14,Enterprise,event,Cybersecurity,UK,13,False,False,200,0.0,0.0,93.10000000000001,3,0.725,0.2930871687862356,0.20454545454545456,0.10975609756097561,1,0.0,3.6,0,1,0.4,0,0,197,1.0,1,0.0,0.0,11,6,4,,,1,0,200.0,1365.1000000000001
A-692f18,2024-03-28,Basic,other,EdTech,US,5,True,True,278,0.0,0.0,670.2,1,0.9,0.46225146629255826,0.3333333333333333,0.06329113924050633,1,0.0,4.0,0,0,0.5,1,1,277,1.0,1,-1.069767441860465,-640.8000000000001,8,3,3,2024-12-23,support,1,1,270.0,2279.8
A-13466a,2023-10-22,Basic,event,DevTools,AU,2,False,True,436,0.0,0.0,3.8000000000000003,27,0.425,0.39657752284053327,0.045454545454545456,0.06829268292682927,1,1.0,4.333333333333333,0,0,0.6666666666666666,0,0,409,4.0,1,0.0,0.0,12,10,6,2024-04-18,pricing,1,1,179.0,799.8
A-1986ca,2023-01-30,Pro,ads,HealthTech,IN,20,False,False,701,0.0,0.0,0.0,157,0.65,0.4187853235719642,0.35135135135135137,0.06353591160220995,1,0.0,3.2857142857142856,0,1,0.2857142857142857,1,0,544,0.0,1,0.16666666666666666,0.0,38,1,0,,,0,0,701.0,398.0
A-0cc442,2024-07-18,Basic,organic,EdTech,US,45,False,False,166,1.0,1456.0,895.5,27,0.85,0.3735515852102872,0.19480519480519481,0.05387647831800263,1,0.0,3.0,0,1,0.3333333333333333,1,1,157,2.0,1,0.2222222222222222,0.0,11,7,3,,,0,0,166.0,6193.5
A-c608c8,2023-04-27,Pro,ads,DevTools,DE,3,False,True,614,1.0,168.0,0.0,64,0.725,0.3245336763566467,0.2558139534883721,0.060674157303370786,1,0.0,3.0,0,0,0.0,1,1,550,1.0,1,0.0,0.0,0,4,3,2024-06-04,support,1,1,404.0,179.10000000000002
A-3be56b,2023-10-26,Pro,event,HealthTech,IN,3,False,True,432,1.0,1274.0,0.0,51,0.7,0.37625511150677515,0.3090909090909091,0.0625,1,0.0,3.5,0,0,0.5,1,1,405,2.0,1,-0.018610421836228287,303.8,2,10,3,2024-06-20,pricing,1,1,238.0,558.6
A-354f12,2024-04-28,Pro,ads,FinTech,US,1,True,False,247,0.0,0.0,676.6,30,0.35,0.32067708828421604,0.26666666666666666,0.0189873417721519,1,0.0,3.0,0,0,0.0,0,1,217,0.0,1,0.0,0.0,15,4,6,,,1,0,247.0,875.6
A-68f37c,2023-07-15,Basic,ads,HealthTech,US,4,False,False,535,1.0,820.0,1791.0,9,0.75,0.35669957775844124,0.24615384615384617,0.0641025641025641,1,0.0,3.2,0,1,0.8,1,0,526,2.0,1,-0.1044776119402985,-1791.0,15,7,5,,,1,0,535.0,1844.9
A-aa9511,2023-10-10,Pro,other,DevTools,US,23,True,False,448,1.0,338.0,614.1,1,0.825,0.312685301964317,0.24615384615384617,0.056,1,0.0,3.5,0,1,0.0,0,1,447,2.0,1,-0.20012995451591942,42.60000000000002,0,10,1,,,0,0,448.0,2982.2000000000003
A-af0cd2,2023-01-03,Enterprise,other,Cybersecurity,IN,19,True,False,728,1.0,8970.0,93.10000000000001,9,0.775,0.32803128642471846,0.22857142857142856,0.048034934497816595,1,0.0,3.0,0,1,0.0,1,0,719,2.0,1,0.0,0.0,12,1,1,,,1,0,728.0,279.3
A-bd4513,2024-11-06,Enterprise,event,DevTools,AU,50,True,False,55,0.0,0.0,3450.4,6,0.7,0.3789417271784467,0.3333333333333333,0.0670611439842209,1,0.0,4.666666666666667,0,0,0.3333333333333333,1,0,49,2.0,1,-1.5,-1680.4,2,11,2,,,1,0,55.0,5220.4
A-c222ab,2024-05-10,Pro,other,Cybersecurity,US,32,False,True,235,2.0,3906.0,0.0,106,0.675,0.28671820475409693,0.3333333333333333,0.07586206896551724,1,0.0,3.5,0,1,0.25,1,0,129,1.0,1,1.3333333333333333,0.0,2,5,4,2024-10-05,support,0,1,148.0,1072.0000000000002
A-34d880,2024-04-11,Enterprise,ads,Cybersecurity,AU,4,False,False,264,1.0,4444.0,1074.3,7,0.725,0.29590489886044463,0.2978723404255319,0.08438818565400844,1,0.0,3.0,0,1,0.0,0,0,257,1.0,1,-0.14285714285714285,-1074.3,18,4,3,,,1,0,264.0,1917.3
A-508199,2024-01-28,Basic,event,FinTech,AU,19,False,False,338,0.0,0.0,465.50000000000006,2,0.4,0.33628210627133853,0.25,0.06493506493506493,1,0.0,3.0,0,1,0.0,0,0,336,0.0,1,0.875,0.0,38,1,6,,,0,0,338.0,843.6
A-f03140,2023-11-22,Pro,event,DevTools,IN,27,True,False,405,0.0,0.0,51.300000000000004,19,0.8,0.3259274437300703,0.2631578947368421,0.037037037037037035,1,1.0,3.2857142857142856,0,1,0.2857142857142857,1,1,386,0.0,1,0.059665871121718374,0.0,1,11,2,,,1,0,405.0,720.9
A-410e86,2024-11-10,Basic,organic,FinTech,US,24,False,False,51,0.0,0.0,1118.4,6,0.55,0.40856588824004303,0.36666666666666664,0.07191780821917808,1,0.0,3.2,0,0,0.4,0,0,45,2.0,1,0.0,-640.8000000000001,4,11,6,,,0,0,51.0,1596.0
A-fa2041,2024-05-29,Pro,organic,HealthTech,US,15,True,False,216,0.0,0.0,254.8,18,0.85,0.3466700691689173,0.2459016393442623,0.06159420289855073,1,0.0,3.0,0,0,1.0,0,0,203,0.0,1,0.050080775444264945,390.6000000000001,5,5,2,,,1,0,216.0,2091.5
A-de58ca,2023-04-13,Enterprise,organic,HealthTech,DE,15,False,False,628,0.0,0.0,73.5,7,0.7,0.44864563875925734,0.24489795918367346,0.06534653465346535,1,1.0,3.2,0,0,0.4,0,0,621,2.0,1,0.0,0.0,10,4,3,,,0,0,628.0,1409.3000000000002
A-05d3b3,2023-05-28,Basic,ads,DevTools,AU,9,True,False,583,0.0,0.0,0.0,45,0.8,0.3819530495594374,0.296875,0.03426791277258567,1,0.0,3.6666666666666665,0,1,0.5,0,0,538,1.0,1,0.0,0.0,13,5,6,,,1,0,583.0,443.30000000000007
A-249769,2024-04-25,Enterprise,event,Cybersecurity,US,4,False,True,250,1.0,3594.0,0.0,44,0.775,0.44805624428366303,0.3235294117647059,0.04431314623338257,1,0.0,4.0,0,0,0.5,0,0,206,0.0,1,0.02762430939226519,0.0,1,4,3,2024-12-16,budget,0,1,235.0,1541.3000000000002
A-e43bf7,2023-03-24,Pro,other,Cybersecurity,AU,44,False,False,648,0.0,0.0,0.0,58,0.65,0.356248193765841,0.425,0.0945945945945946,1,0.0,3.6,0,1,0.4,1,0,590,0.0,1,-0.25,0.0,23,3,4,,,1,0,648.0,2268.6
A-eb2fdc,2023-11-21,Enterprise,organic,DevTools,AU,31,False,True,406,0.0,0.0,0.0,95,0.725,0.48159215909023734,0.2222222222222222,0.03125,1,1.0,4.2,0,0,0.2,0,0,311,1.0,1,-0.5817805383022774,0.0,32,11,1,2024-05-26,competitor,1,1,187.0,292.5
A-e1462e,2023-03-12,Basic,partner,FinTech,UK,15,False,False,660,1.0,7950.0,298.5,22,0.65,0.3450239637412409,0.4,0.06358381502890173,1,0.0,3.5,0,1,0.5,1,1,638,0.0,1,-0.625,0.0,51,3,6,,,1,0,660.0,372.0
A-cab532,2023-04-03,Pro,organic,DevTools,FR,11,True,False,638,1.0,2835.0,218.9,18,0.95,0.3990977558098597,0.2871287128712871,0.04685942173479561,1,0.0,4.0,0,0,0.0,1,1,620,1.0,1,0.023346303501945526,278.6,1,4,0,,,1,0,638.0,935.3
A-9123ac,2023-06-20,Pro,organic,Cybersecurity,DE,9,False,False,560,2.0,3198.0,0.0,127,0.7,0.2835791735369848,0.2972972972972973,0.06217616580310881,1,0.0,4.0,0,1,0.16666666666666666,0,1,433,0.0,1,0.12075029308323565,0.0,12,6,1,,,1,0,560.0,17.1
A-6e08f3,2023-02-27,Basic,event,Cybersecurity,US,8,False,False,673,2.0,2695.0,0.0,354,0.7,0.4402455498054476,0.3,0.042682926829268296,1,0.0,3.5,0,1,0.0,1,1,525,0.0,1,-0.09844559585492228,0.0,3,2,0,,,0,0,673.0,0.0
A-d922bf,2023-09-08,Basic,ads,HealthTech,US,5,True,True,480,0.0,0.0,0.0,51,0.6,0.3003262219545354,0.2682926829268293,0.045346062052505964,1,0.0,3.142857142857143,0,0,0.42857142857142855,0,0,429,1.0,1,0.05263157894736842,0.0,10,9,4,2024-12-06,support,1,1,455.0,1233.8000000000002
A-8ed5dd,2023-06-29,Enterprise,event,EdTech,UK,5,False,True,551,0.0,0.0,0.0,40,0.725,0.42898986853877796,0.2909090909090909,0.08256880733944955,1,0.0,3.5,0,1,0.5,1,1,511,1.0,1,0.0,0.0,12,6,3,2024-11-02,unknown,0,1,492.0,283.9
A-7c6b6b,2024-11-30,Basic,other,FinTech,US,6,False,False,31,1.0,3682.0,481.80000000000007,6,0.55,0.3369645064566051,0.4,0.07717041800643087,1,0.0,3.8,0,0,0.0,0,0,25,2.0,1,0.0,0.0,24,11,5,,,1,0,31.0,481.80000000000007
A-3c1a3f,2023-08-26,Pro,event,DevTools,UK,1,False,False,493,2.0,1922.5,0.0,119,0.775,0.35319083760899717,0.39215686274509803,0.04426559356136821,1,1.0,3.25,0,0,0.5,0,1,488,2.0,1,0.4423076923076923,0.0,11,8,5,,,0,0,493.0,855.7
A-b48f73,2024-11-13,Pro,event,EdTech,AU,80,True,False,48,0.0,0.0,2288.0,2,0.6,0.3639095041414382,0.2727272727272727,0.055825242718446605,1,0.0,3.6666666666666665,0,0,0.3333333333333333,0,0,46,0.0,1,0.0,1440.0,36,11,2,,,0,0,48.0,2832.0
A-76fa4d,2024-11-24,Pro,event,HealthTech,US,69,False,False,37,0.0,0.0,6168.6,2,0.525,0.3146430872875784,0.19444444444444445,0.058823529411764705,1,0.0,4.2,0,1,0.4,0,0,35,2.0,1,-3.0,-5492.4000000000015,28,11,6,,,1,0,37.0,6168.6
A-b2af2e,2024-08-24,Enterprise,event,Cybersecurity,UK,5,False,False,129,0.0,0.0,109.10000000000001,2,0.35,0.21289479534932135,0.1111111111111111,0.06321839080459771,1,0.0,4.0,0,0,0.5,0,1,127,0.0,1,0.0,-9.600000000000009,50,8,5,,,0,0,129.0,311.20000000000005
A-9bfc9f,2023-09-14,Pro,ads,DevTools,CA,53,False,False,474,0.0,0.0,259.7,5,0.575,0.28265756473775056,0.24324324324324326,0.047872340425531915,1,0.0,3.1666666666666665,0,1,0.3333333333333333,1,1,469,1.0,1,0.0,-259.7,23,9,3,,,0,0,474.0,360.4
A-4ae22a,2024-05-09,Pro,other,EdTech,US,6,False,True,236,1.0,6564.0,557.2,19,0.6,0.3784037585106948,0.2,0.08401084010840108,1,0.0,3.0,0,1,0.6666666666666666,0,0,217,1.0,1,0.0,0.0,3,5,3,2024-07-20,pricing,0,1,72.0,878.6000000000001
A-fda07f,2024-08-11,Basic,partner,Cybersecurity,FR,7,False,False,142,0.0,0.0,278.6,13,0.775,0.3129986286205477,0.2,0.05726872246696035,1,1.0,3.6,0,1,0.6,1,1,129,0.0,1,-0.06666666666666667,-139.3,0,8,6,,,1,0,142.0,2841.8
A-de24d5,2024-11-05,Enterprise,other,DevTools,US,5,True,False,56,1.0,888.0,1321.4,1,0.725,0.31667835517489185,0.2830188679245283,0.0521415270018622,1,1.0,3.0,0,1,0.2857142857142857,0,0,55,1.0,1,0.03508771929824561,-510.10000000000014,39,11,1,,,0,0,56.0,2132.7000000000003
A-977ca0,2023-02-20,Basic,partner,HealthTech,IN,6,False,True,680,0.0,0.0,168.8,0,0.95,0.4154390274724354,0.29411764705882354,0.051511758118701005,1,0.0,3.3333333333333335,0,1,0.0,1,0,680,2.0,1,0.23076923076923078,365.3,7,2,0,2024-11-24,,0,1,643.0,2414.3
A-ab438f,2024-09-13,Enterprise,ads,Cybersecurity,US,13,False,True,109,0.0,0.0,0.0,40,0.625,0.30261880685485965,0.2777777777777778,0.032520325203252036,1,0.0,3.5,0,1,0.5,1,0,74,3.0,1,0.0,0.0,6,9,4,2024-12-02,budget,0,1,80.0,1635.8
A-e89151,2023-09-14,Pro,organic,FinTech,UK,8,True,True,474,2.0,4806.5,0.0,61,0.75,0.4527650896602943,0.20689655172413793,0.04833333333333333,1,0.0,4.0,0,0,0.0,1,0,413,2.0,1,-0.6957328385899815,0.0,1,9,3,2024-10-07,,0,1,389.0,318.40000000000003
A-40906c,2024-03-27,Basic,ads,EdTech,US,92,False,False,279,0.0,0.0,0.0,71,0.8,0.3791214472746571,0.23809523809523808,0.04698972099853157,1,0.0,3.6,0,1,0.4,0,0,217,0.0,1,0.02895752895752896,0.0,28,3,2,,,0,0,279.0,2511.8
A-81edc3,2023-10-30,Basic,ads,Cybersecurity,IN,5,False,False,428,1.0,4224.0,158.3,8,0.825,0.3362122564693572,0.21621621621621623,0.05401844532279315,1,0.0,3.6666666666666665,0,0,0.0,1,0,420,0.0,1,0.22580645161290325,0.0,2,10,0,,,1,0,428.0,346.0
A-328bd0,2023-05-16,Enterprise,partner,HealthTech,AU,18,False,False,595,0.0,0.0,0.0,100,0.75,0.3664351262583134,0.29508196721311475,0.08626760563380281,1,0.0,3.4,0,0,0.2,1,1,509,2.0,1,0.0,0.0,7,5,1,,,0,0,595.0,588.3000000000001
A-b3fe05,2024-05-28,Pro,partner,Cybersecurity,CA,8,False,False,217,1.0,450.0,0.0,68,0.725,0.2923745839063057,0.4186046511627907,0.0410958904109589,1,0.0,3.0,0,1,0.25,0,0,208,1.0,1,1.2,0.0,2,5,1,,,0,0,217.0,2449.4
A-09540c,2023-10-30,Basic,event,Cybersecurity,CA,67,True,False,428,1.0,4710.0,0.0,164,0.5,0.31565344804545975,0.21428571428571427,0.05387205387205387,1,0.0,4.5,0,0,0.0,1,1,264,1.0,1,0.0,0.0,29,10,0,,,0,0,428.0,127.30000000000001
A-e693b6,2023-05-25,Enterprise,event,FinTech,AU,55,False,True,586,1.0,5112.0,0.0,68,0.775,0.3465927957592961,0.26229508196721313,0.037037037037037035,1,0.0,3.0,0,1,1.0,1,0,518,2.0,1,0.16666666666666666,0.0,0,5,3,2024-10-10,budget,1,1,504.0,643.5
A-2446e3,2024-01-10,Pro,organic,EdTech,IN,27,False,False,356,1.0,920.0,132.3,11,0.7,0.4528837547082677,0.1875,0.06451612903225806,1,1.0,4.0,0,1,0.6666666666666666,1,1,345,0.0,1,0.4090909090909091,0.0,7,1,2,,,0,0,356.0,669.6000000000001
A-241e75,2024-07-03,Enterprise,partner,EdTech,US,3,False,False,181,0.0,0.0,225.4,8,0.425,0.5031543298537474,0.2857142857142857,0.07547169811320754,1,0.0,3.75,0,0,0.25,0,1,173,0.0,1,0.0,-191.2,18,7,2,,,1,0,181.0,359.4
A-922109,2024-01-26,Pro,ads,Cybersecurity,US,3,False,False,340,1.0,1150.0,0.0,57,0.875,0.3490275453292557,0.189873417721519,0.04156479217603912,1,0.0,3.0,0,0,0.3333333333333333,0,0,283,1.0,1,0.038842066691095654,0.0,10,1,4,,,0,0,340.0,1212.4
A-ff3c73,2023-01-26,Pro,other,HealthTech,AU,21,False,False,705,2.0,3163.5,0.0,70,0.725,0.4197634351402831,0.25,0.05665024630541872,1,0.0,3.5,0,1,0.5,1,0,635,1.0,1,0.0,0.0,3,1,3,,,1,0,705.0,268.20000000000005
A-8b0451,2024-09-16,Enterprise,event,FinTech,UK,41,False,False,106,1.0,940.0,288.6,5,0.8,0.4222227015150765,0.23333333333333334,0.07450331125827815,1,0.0,3.2857142857142856,0,1,0.5714285714285714,0,0,101,1.0,1,0.22043010752688172,-132.8,0,9,0,,,1,0,106.0,3170.9000000000005
A-331424,2023-11-06,Basic,organic,DevTools,US,11,False,False,421,0.0,0.0,0.0,79,0.425,0.27971721768515906,0.25,0.04205607476635514,1,0.0,3.0,0,0,0.5,0,0,362,1.0,1,-0.4,0.0,29,11,0,,,1,0,421.0,458.7
A-51ec1b,2023-11-08,Enterprise,ads,DevTools,US,7,False,False,419,0.0,0.0,0.0,94,0.475,0.320134322343636,0.14285714285714285,0.04240282685512368,1,1.0,4.333333333333333,0,0,0.0,1,1,325,2.0,1,0.0,0.0,70,11,2,,,1,0,419.0,160.20000000000002
A-bcf664,2023-05-19,Pro,other,DevTools,US,5,False,False,592,1.0,5952.0,112.10000000000001,28,0.775,0.3141901368574038,0.25,0.04895104895104895,1,0.0,3.6,0,1,0.4,0,0,564,1.0,1,-0.011942675159235668,0.0,7,5,4,,,1,0,592.0,268.90000000000003
A-90a8c8,2024-08-24,Pro,organic,FinTech,AU,15,False,False,129,0.0,0.0,2166.7000000000003,1,0.575,0.28916938037870576,0.2926829268292683,0.04950495049504951,1,0.0,3.25,0,1,0.0,1,0,128,0.0,1,1.0,0.0,4,8,5,,,1,0,129.0,2651.4
A-86cdb4,2024-09-22,Basic,partner,DevTools,DE,2,False,False,100,0.0,0.0,81.9,14,0.675,0.33221975741682575,0.30612244897959184,0.04878048780487805,1,0.0,3.8,0,1,0.4,0,0,86,2.0,1,0.08333333333333333,-67.2,23,9,6,,,0,0,100.0,355.1
A-4bfa33,2024-12-07,Basic,event,Cybersecurity,US,8,True,False,24,3.0,3255.0,560.6,3,0.575,0.43750379817578644,0.25,0.05167173252279635,1,0.0,3.5,0,1,1.0,0,0,21,1.0,1,-0.7807308970099667,0.0,5,12,5,,,1,0,24.0,560.6
A-dbc825,2024-01-07,Enterprise,partner,EdTech,FR,19,False,False,359,0.0,0.0,756.2,12,0.85,0.37918208271039683,0.3333333333333333,0.07967032967032966,1,0.0,3.3333333333333335,0,1,0.16666666666666666,1,0,347,4.0,1,-1.6,-663.1,1,1,6,,,0,0,359.0,2085.1000000000004
A-c70870,2024-10-22,Basic,partner,Cybersecurity,US,31,False,False,70,0.0,0.0,58.900000000000006,20,0.575,0.27959142599326237,0.29411764705882354,0.05389221556886228,1,0.0,3.6,0,0,0.4,1,1,50,0.0,1,-1.0,0.0,0,10,1,,,1,0,70.0,2289.8
A-7c4956,2023-05-06,Enterprise,ads,DevTools,US,5,False,True,605,0.0,0.0,61.2,30,0.675,0.2751245077350986,0.3111111111111111,0.08438818565400844,1,0.0,3.3333333333333335,0,0,1.0,0,0,575,3.0,1,0.05555555555555555,0.0,5,5,5,2024-10-10,,0,1,523.0,70.7
A-0651a4,2024-10-16,Pro,organic,HealthTech,FR,16,False,False,76,1.0,4966.0,1602.5,11,0.85,0.3343099949085,0.2463768115942029,0.0524822695035461,1,0.0,3.5,0,1,0.5,0,0,65,1.0,1,0.07142857142857144,-762.05,15,10,2,,,1,0,76.0,4456.400000000001
A-3ce5b8,2023-09-07,Basic,ads,FinTech,IN,8,False,True,481,1.0,1872.0,0.0,99,0.725,0.24965637461723622,0.24,0.05719921104536489,1,1.0,3.5,0,1,0.1,0,0,382,0.0,1,0.14285714285714285,0.0,16,9,3,2024-09-18,features,1,1,377.0,1141.7
A-bd4708,2024-07-21,Pro,ads,FinTech,US,37,True,False,163,1.0,7056.0,736.3000000000001,3,0.825,0.32474658003085016,0.296875,0.046012269938650305,1,0.0,3.25,0,1,0.5,1,0,160,0.0,1,-0.26153846153846155,251.60000000000002,1,7,6,,,0,0,163.0,3897.5
A-993085,2023-06-01,Basic,ads,HealthTech,US,31,True,False,579,0.0,0.0,0.0,65,0.825,0.4835324440533351,0.2714285714285714,0.07541478129713423,1,0.0,3.25,0,0,0.0,1,1,514,1.0,1,0.16666666666666666,0.0,11,6,3,,,0,0,579.0,3333.5000000000005
A-92a3af,2024-07-07,Enterprise,organic,Cybersecurity,IN,25,False,False,177,2.0,2726.0,289.1,16,0.875,0.3116497430411156,0.23880597014925373,0.07713884992987377,1,0.0,3.5,0,0,0.0,0,1,161,0.0,1,0.3008989952406134,375.0,13,7,6,,,0,0,177.0,3453.8
A-151c9a,2023-01-27,Enterprise,ads,FinTech,US,23,False,False,704,0.0,0.0,0.0,101,0.7,0.2999814044440485,0.35294117647058826,0.03825136612021858,1,0.0,3.5,0,0,0.5,0,1,603,0.0,1,0.0,0.0,2,1,4,,,1,0,704.0,254.8
A-474ad4,2023-11-28,Basic,organic,EdTech,US,8,False,False,399,3.0,3699.0,51.300000000000004,6,0.85,0.34375723421168575,0.28125,0.0743801652892562,1,0.0,3.6666666666666665,0,1,0.3333333333333333,1,1,393,2.0,1,0.0,31.6,20,11,1,,,0,0,399.0,453.20000000000005
A-4ef964,2024-03-07,Pro,organic,HealthTech,US,17,False,False,299,0.0,0.0,338.3,25,0.775,0.3580790581928299,0.24489795918367346,0.06832298136645963,1,0.0,3.6666666666666665,0,0,0.3333333333333333,0,0,274,1.0,1,0.0,-255.0,8,3,3,,,1,0,299.0,843.2
A-fd9422,2024-04-04,Pro,organic,Cybersecurity,US,58,False,False,271,1.0,840.0,0.0,35,0.675,0.41455220252538916,0.20454545454545456,0.046255506607929514,1,0.0,3.5,0,1,0.16666666666666666,1,1,237,1.0,1,0.12385321100917432,0.0,1,4,3,,,0,0,271.0,1374.6000000000001
A-0baac2,2024-05-30,Enterprise,organic,FinTech,DE,14,False,True,215,1.0,1592.0,577.1,3,0.475,0.3039418512741947,0.38095238095238093,0.04455445544554455,0,1.0,3.6666666666666665,0,1,0.16666666666666666,0,0,212,2.0,1,0.36363636363636365,0.0,61,5,3,2024-12-24,unknown,1,1,208.0,1256.7000000000003
A-bb1486,2024-11-05,Basic,organic,HealthTech,US,41,False,False,56,0.0,0.0,945.7,8,0.6,0.3448472973068449,0.3333333333333333,0.08977556109725686,1,0.0,3.0,0,0,1.0,0,1,48,1.0,1,0.0,-260.70000000000005,22,11,1,,,1,0,56.0,1630.7
A-560d27,2024-05-05,Pro,organic,DevTools,US,23,False,False,240,1.0,4330.0,1525.6000000000001,26,0.675,0.3427741673490319,0.2542372881355932,0.06495726495726496,1,0.0,3.5,0,0,0.5,1,0,214,1.0,1,-0.0529953917050691,0.0,64,5,6,,,0,0,240.0,4076.7000000000003
A-0b0d6d,2024-12-30,Pro,organic,DevTools,US,3,False,False,1,0.0,0.0,3349.1000000000004,0,0.8,0.3345062676045472,0.3387096774193548,0.08247422680412371,1,0.0,3.4,0,1,0.4,1,0,1,2.0,1,0.0,0.0,5,12,0,,,0,0,1.0,3349.1000000000004
A-2789e3,2024-09-14,Enterprise,partner,FinTech,US,11,False,False,108,0.0,0.0,323.40000000000003,4,0.825,0.34786326200898754,0.26153846153846155,0.0661764705882353,1,1.0,3.75,0,0,0.25,1,1,104,0.0,1,0.9423076923076925,1193.0,0,9,5,,,0,0,108.0,2448.9
A-b07346,2024-10-10,Pro,partner,HealthTech,US,51,False,True,82,0.0,0.0,96.9,27,0.575,0.25653301974928466,0.30303030303030304,0.06748466257668712,1,0.0,3.3333333333333335,0,1,0.3333333333333333,1,0,55,0.0,1,0.0,1932.9,19,10,3,2024-11-12,budget,1,1,33.0,3141.6000000000004
A-902ef7,2024-09-03,Enterprise,other,HealthTech,US,83,False,True,119,1.0,2079.0,2058.4,2,0.775,0.3629717670734736,0.15,0.05811138014527845,1,0.0,3.5,0,1,0.0,1,0,117,0.0,1,-0.05263157894736842,0.0,71,9,1,2024-09-26,pricing,1,1,23.0,4432.200000000001
A-20736a,2024-03-16,Enterprise,organic,EdTech,IN,50,False,False,290,0.0,0.0,0.0,54,0.55,0.3737292587141699,0.35714285714285715,0.05116279069767442,1,0.0,3.75,0,1,0.0,1,1,236,0.0,1,7.0,0.0,2,3,5,,,1,0,290.0,1485.0
A-e4bf56,2024-10-28,Pro,ads,HealthTech,IN,17,False,True,64,1.0,1448.0,509.8,20,0.625,0.3039103888589967,0.3939393939393939,0.029585798816568046,1,0.0,3.5,0,1,0.5,0,1,44,1.0,1,0.3640776699029127,873.0000000000002,8,10,0,2024-12-19,,0,1,52.0,1892.6000000000001
A-cea1f0,2024-04-07,Pro,event,FinTech,US,8,False,True,268,3.0,2955.3333333333335,0.0,55,0.7,0.34666145654973574,0.32142857142857145,0.04786324786324787,1,0.0,3.8,0,1,0.0,1,1,213,0.0,1,-0.25833333333333336,0.0,8,4,6,2024-07-06,,0,1,90.0,143.7
A-ef84cf,2024-03-01,Enterprise,partner,EdTech,US,8,False,False,305,2.0,3455.0,0.0,82,0.525,0.2718246826332295,0.32142857142857145,0.03559870550161812,1,1.0,3.8,0,1,0.4,0,1,294,1.0,1,1.0,0.0,0,3,4,,,1,0,305.0,750.7
A-d49cc5,2023-09-19,Basic,event,Cybersecurity,FR,50,False,False,469,2.0,1852.5,0.0,147,0.675,0.38233736895064435,0.34146341463414637,0.07816091954022988,1,0.0,3.75,0,1,0.5,0,0,322,0.0,1,0.4512195121951219,0.0,3,9,1,,,1,0,469.0,95.0
A-67be94,2023-04-04,Enterprise,organic,EdTech,US,26,False,False,637,0.0,0.0,0.0,147,0.65,0.262208823432391,0.14285714285714285,0.040865384615384616,1,0.0,3.4,0,1,0.2,1,0,490,1.0,1,0.0,0.0,13,4,1,,,1,0,637.0,785.7
A-4e960a,2024-01-17,Enterprise,other,FinTech,US,12,True,True,349,1.0,1701.0,0.0,54,0.725,0.39940315739077786,0.16326530612244897,0.0412573673870334,1,0.0,3.5,0,1,0.5,0,1,328,0.0,1,0.30278884462151395,22.8,3,1,2,2024-04-16,,0,1,90.0,2231.0
A-c37cab,2024-07-29,Pro,event,Cybersecurity,UK,13,False,False,155,2.0,2645.0,676.6,1,0.8,0.3792157452178804,0.3142857142857143,0.05649717514124294,1,0.0,3.75,0,0,0.25,1,1,154,2.0,1,1.6666666666666667,-309.8,1,7,0,,,1,0,155.0,2704.5
A-533452,2024-11-12,Pro,organic,DevTools,AU,9,False,False,49,0.0,0.0,1727.3000000000002,9,0.8,0.3303022059329348,0.2698412698412698,0.07394957983193277,1,0.0,3.5,0,1,0.5,1,1,40,1.0,1,-0.8076923076923077,-1388.2000000000003,16,11,1,,,1,0,49.0,2066.4
A-443b7c,2024-09-06,Enterprise,other,Cybersecurity,US,1,False,True,116,1.0,3960.0,1905.1,10,0.7,0.42634594315050117,0.23809523809523808,0.04692556634304207,1,0.0,3.875,0,1,0.375,1,0,106,2.0,1,-0.3333333333333333,-1637.7,4,9,4,2024-12-29,,0,1,114.0,2406.2
A-1f7acb,2023-08-06,Basic,ads,FinTech,UK,64,True,False,513,1.0,3411.0,1273.6000000000001,26,0.65,0.33585487167489303,0.24528301886792453,0.09251968503937008,1,0.0,4.0,0,1,0.2857142857142857,1,1,487,0.0,1,0.1836228287841191,0.0,18,8,6,,,0,0,513.0,1516.8
A-f51f16,2023-12-25,Enterprise,partner,HealthTech,US,1,False,False,372,1.0,420.0,0.0,55,0.625,0.31895847474070405,0.3783783783783784,0.0731070496083551,1,0.0,3.0,0,1,0.5,1,0,317,1.0,1,0.31557377049180324,-38.0,23,12,0,,,1,0,372.0,1327.2
A-5a3eb9,2023-08-20,Enterprise,other,DevTools,CA,18,True,False,499,3.0,3704.3333333333335,0.0,31,0.85,0.3547354846974645,0.2608695652173913,0.04709141274238227,1,0.0,3.0,0,1,0.3333333333333333,0,1,468,1.0,1,-1.2889908256880733,0.0,20,8,6,,,1,0,499.0,461.8
A-5f2961,2024-11-22,Basic,partner,HealthTech,US,4,False,False,39,0.0,0.0,999.5000000000001,5,0.55,0.3479660134643099,0.19444444444444445,0.05459770114942529,1,0.0,3.0,0,0,0.0,0,0,34,0.0,1,0.0,-969.1000000000001,57,11,4,,,1,0,39.0,1029.9
A-417d2f,2023-07-04,Pro,partner,Cybersecurity,IN,4,True,False,546,0.0,0.0,1024.4,0,0.925,0.28354573111374,0.28169014084507044,0.04293628808864266,1,0.0,3.6666666666666665,0,1,0.16666666666666666,1,0,546,1.0,1,0.29758713136729226,-954.1000000000001,20,7,1,,,1,0,546.0,1174.3000000000002
A-e98302,2023-12-26,Enterprise,ads,EdTech,US,16,True,False,371,0.0,0.0,88.2,26,0.525,0.4689954293717479,0.26666666666666666,0.06593406593406594,1,0.0,3.888888888888889,0,1,0.3333333333333333,0,0,345,1.0,1,0.0,588.4000000000001,19,12,1,,,0,0,371.0,764.8000000000001
A-8bde0c,2024-11-04,Basic,organic,DevTools,US,12,False,False,57,1.0,3438.0,117.60000000000001,0,0.85,0.38832287987501646,0.2875,0.055627425614489,1,1.0,3.6666666666666665,0,0,0.6666666666666666,1,0,57,2.0,1,0.08333333333333333,3184.6000000000004,25,11,0,,,0,0,57.0,3419.8
A-bcf87c,2024-06-27,Pro,event,FinTech,US,10,False,True,187,0.0,0.0,83.30000000000001,25,0.65,0.3690016476716082,0.2037037037037037,0.037848605577689244,1,0.0,4.0,0,0,0.0,0,1,162,2.0,1,0.2151898734177215,582.6000000000001,17,6,3,2024-12-11,,0,1,167.0,2177.0
A-54ecc2,2023-06-11,Enterprise,partner,Cybersecurity,US,4,False,False,569,0.0,0.0,0.0,66,0.7,0.3057097781541987,0.21428571428571427,0.0642504118616145,1,1.0,3.8,0,0,0.4,0,1,503,0.0,1,0.0,0.0,22,6,6,,,0,0,569.0,246.10000000000002
A-625d0b,2024-09-02,Basic,ads,EdTech,AU,9,False,False,120,0.0,0.0,0.0,35,0.8,0.3487875773577722,0.3333333333333333,0.07183364839319471,1,0.0,3.0,0,1,0.0,0,0,97,1.0,1,0.0,429.00000000000006,22,9,0,,,0,0,120.0,1189.3000000000002
A-fce879,2024-09-24,Pro,partner,EdTech,UK,10,True,True,98,0.0,0.0,261.7,4,0.625,0.3493705173929174,0.25925925925925924,0.04713804713804714,1,0.0,4.0,0,1,0.0,0,1,94,0.0,1,0.0,116.40000000000003,31,9,1,2024-12-03,features,1,1,70.0,679.7
A-b07b56,2024-11-08,Pro,event,DevTools,US,25,False,True,53,0.0,0.0,779.5,8,0.8,0.36914471559419726,0.34375,0.061611374407582936,1,0.0,3.0,0,1,0.25,0,0,45,1.0,1,0.0,384.4000000000001,2,11,4,2024-12-24,budget,1,1,46.0,1698.4
A-6da850,2023-10-07,Pro,organic,FinTech,IN,5,False,False,451,0.0,0.0,166.60000000000002,1,0.75,0.37705829327205104,0.2714285714285714,0.07584269662921349,1,0.0,3.2,0,1,0.2,1,1,450,3.0,1,-0.02631578947368421,-142.10000000000002,4,10,5,,,1,0,451.0,372.3
A-342303,2024-03-16,Pro,other,EdTech,US,1,True,False,290,0.0,0.0,0.0,48,0.3,0.3211688863109922,0.3333333333333333,0.03546099290780142,1,0.0,4.0,0,0,0.6666666666666666,0,0,242,0.0,1,0.0,0.0,35,3,5,,,1,0,290.0,169.50000000000003
A-e7a1e2,2024-06-23,Enterprise,event,Cybersecurity,US,3,False,False,191,1.0,3472.0,278.6,26,0.9,0.32695433335147794,0.3088235294117647,0.051209103840682786,1,0.0,4.0,0,0,0.0,0,0,165,1.0,1,0.0,-39.80000000000001,10,6,6,,,0,0,191.0,1109.6000000000001
A-f1f639,2023-02-26,Basic,ads,EdTech,US,2,False,False,674,0.0,0.0,0.0,127,0.3,0.3649971480277935,0.21428571428571427,0.07194244604316546,1,0.0,4.285714285714286,0,1,0.8571428571428571,1,0,547,0.0,0,0.0,0.0,11,2,6,,,0,0,674.0,109.0
A-a865bd,2023-09-19,Pro,organic,Cybersecurity,US,38,False,False,469,0.0,0.0,0.0,120,0.475,0.2467976720090587,0.25,0.05652173913043478,1,0.0,3.0,0,1,0.5,0,0,349,0.0,1,0.0,0.0,13,9,1,,,0,0,469.0,186.20000000000002
A-4e631b,2024-03-16,Enterprise,other,FinTech,US,22,False,False,290,0.0,0.0,796.0,2,0.8,0.4284189137224375,0.2857142857142857,0.05776892430278884,1,0.0,3.5,0,1,0.5,1,1,288,0.0,1,0.02276707530647986,-358.2,12,3,5,,,0,0,290.0,1317.4
A-7f6b86,2023-08-24,Basic,partner,HealthTech,US,45,True,True,495,0.0,0.0,0.0,52,0.675,0.2776403855231969,0.4146341463414634,0.03333333333333333,1,0.0,3.2857142857142856,0,1,0.2857142857142857,1,0,489,1.0,1,2.0,85.5,5,8,3,2024-07-10,pricing,0,1,321.0,595.1
A-8adedc,2024-02-11,Basic,event,EdTech,US,4,True,True,324,2.0,1227.0,1134.3,11,0.8,0.3708711407391034,0.22950819672131148,0.05660377358490566,1,0.0,3.25,0,0,0.25,0,0,313,2.0,1,-0.19047619047619047,-460.9999999999999,0,2,6,2024-10-30,,0,1,262.0,2457.8
A-2edab2,2023-11-17,Enterprise,event,HealthTech,US,17,False,False,410,0.0,0.0,147.90000000000003,5,0.7,0.33659079965464905,0.23404255319148937,0.053388090349075976,1,0.0,3.0,0,0,0.5,1,0,405,1.0,1,0.0,0.0,9,11,4,,,1,0,410.0,314.50000000000006
A-149a69,2024-10-17,Basic,event,DevTools,US,34,False,False,75,0.0,0.0,0.0,49,0.45,0.341312295178824,0.2222222222222222,0.04326923076923077,1,1.0,3.75,0,1,0.25,0,0,26,0.0,1,0.0,0.0,136,10,3,,,0,0,75.0,805.8000000000001
A-a6d261,2023-11-29,Pro,other,FinTech,CA,9,False,False,398,0.0,0.0,17.1,14,0.9,0.37009408146827844,0.30158730158730157,0.046251993620414676,1,0.0,4.25,0,0,0.25,1,0,384,1.0,1,0.0,281.4,1,11,2,,,1,0,398.0,2666.0
A-443f6f,2024-12-07,Basic,organic,Cybersecurity,US,19,False,False,24,0.0,0.0,1359.4,1,0.775,0.31896378205862497,0.35714285714285715,0.05313092979127135,1,0.0,4.25,0,1,0.5,1,0,23,1.0,1,-0.1724137931034483,0.0,5,12,5,,,0,0,24.0,1359.4
A-202b67,2024-03-22,Pro,organic,HealthTech,US,11,False,False,284,0.0,0.0,53.900000000000006,5,0.725,0.33759305048002947,0.3695652173913043,0.0894854586129754,1,0.0,4.25,0,1,0.25,1,0,279,1.0,1,0.0,245.00000000000003,3,3,4,,,0,0,284.0,1239.7
A-00bed1,2023-11-14,Basic,ads,Cybersecurity,US,28,True,False,413,0.0,0.0,115.9,2,0.8,0.30898194214696106,0.23529411764705882,0.05252918287937743,1,1.0,3.25,0,1,0.25,1,0,411,0.0,1,0.15743440233236153,0.0,17,11,1,,,0,0,413.0,810.3000000000001
A-ffc04f,2024-06-06,Pro,ads,EdTech,US,13,False,False,208,1.0,670.0,258.7,2,0.925,0.34428307477537773,0.29069767441860467,0.07467911318553092,1,0.0,3.857142857142857,0,1,0.7142857142857143,0,1,206,2.0,1,0.22189523248969983,-129.35,22,6,3,,,0,0,208.0,1915.5
A-65c341,2023-12-26,Pro,ads,FinTech,US,11,True,False,371,2.0,3593.5,0.0,51,0.625,0.4091758205879594,0.34210526315789475,0.04390243902439024,1,0.0,3.2,0,1,0.2,0,0,320,2.0,1,-0.5,0.0,6,12,1,,,1,0,371.0,2371.8
A-dcc2f0,2023-07-22,Basic,organic,FinTech,UK,15,False,False,528,3.0,1067.0,0.0,72,0.875,0.38649990271206486,0.2894736842105263,0.031212484993997598,1,0.0,3.0,0,1,0.5,1,0,456,1.0,1,1.5630550621669628,0.0,5,7,5,,,0,0,528.0,1064.9
A-ced9aa,2024-10-05,Enterprise,other,DevTools,US,3,False,False,87,1.0,1518.0,119.4,6,0.825,0.35459340433667774,0.36363636363636365,0.07344632768361582,1,0.0,3.0,0,1,0.5714285714285714,0,0,81,2.0,1,0.35922330097087374,0.0,25,10,5,,,0,0,87.0,625.2
A-3d957b,2024-04-04,Pro,other,HealthTech,UK,14,False,False,271,1.0,987.0,0.0,102,0.325,0.2714177428800642,0.26666666666666666,0.09090909090909091,1,0.0,3.0,0,1,0.0,1,0,169,1.0,1,0.0,0.0,72,4,3,,,1,0,271.0,906.6000000000001
A-89ee83,2024-10-04,Pro,organic,Cybersecurity,US,1,False,True,88,1.0,2010.0,919.5,14,0.7,0.4268139397676378,0.288135593220339,0.04609929078014184,1,1.0,3.6,0,1,0.6,1,0,74,2.0,1,0.3979591836734694,-507.29999999999995,14,10,4,2024-12-31,,0,1,88.0,2490.7000000000003
A-883b7d,2024-03-28,Basic,other,Cybersecurity,IN,17,False,False,278,0.0,0.0,343.1,24,0.875,0.3868076081415123,0.36363636363636365,0.062111801242236024,1,0.0,3.4285714285714284,0,1,0.7142857142857143,0,0,254,1.0,1,0.0,-83.40000000000003,1,3,3,,,0,0,278.0,3052.4
A-dcc3f1,2023-12-27,Pro,event,HealthTech,US,21,False,False,370,0.0,0.0,289.8,0,0.775,0.314477620687138,0.1875,0.064,1,1.0,3.4444444444444446,0,1,0.2222222222222222,0,1,370,0.0,1,0.0,0.0,7,12,2,,,1,0,370.0,339.20000000000005
A-c62e55,2023-02-08,Basic,partner,EdTech,US,1,True,False,692,1.0,1064.0,0.0,280,0.6,0.25583411579190796,0.3125,0.03903903903903904,1,1.0,3.75,0,1,0.75,1,0,412,0.0,1,0.22727272727272727,0.0,19,2,2,,,0,0,692.0,0.0
A-e4144b,2024-10-22,Pro,other,EdTech,UK,41,False,False,70,0.0,0.0,1631.8000000000002,19,0.65,0.3586427146487021,0.3023255813953488,0.04794520547945205,1,0.0,3.6666666666666665,0,1,0.0,1,0,51,0.0,1,0.0,-537.1000000000001,8,10,1,,,0,0,70.0,3542.4000000000005
A-e40f45,2024-04-18,Pro,organic,HealthTech,US,21,False,False,257,1.0,2882.0,633.5,27,0.725,0.33222731978934195,0.37777777777777777,0.06483790523690773,1,0.0,3.5714285714285716,0,1,0.42857142857142855,1,0,230,1.0,1,0.01785714285714286,-542.3,2,4,3,,,1,0,257.0,1142.6000000000001
A-96215d,2024-08-08,Enterprise,event,FinTech,US,10,False,False,145,0.0,0.0,199.0,9,0.5,0.30664812956118714,0.1875,0.06051873198847262,1,0.0,3.0,0,1,0.0,1,0,136,0.0,1,0.2948717948717948,481.30000000000007,25,8,3,,,0,0,145.0,1031.2
A-2b9d3e,2023-06-04,Enterprise,partner,EdTech,US,1,False,False,576,0.0,0.0,0.0,94,0.65,0.356099424541002,0.37777777777777777,0.04328018223234624,1,0.0,3.6666666666666665,0,1,0.0,1,0,482,0.0,1,0.0,0.0,14,6,6,,,0,0,576.0,120.4
A-b7724f,2023-03-28,Basic,organic,HealthTech,UK,1,False,False,644,0.0,0.0,0.0,67,0.7,0.34075048550848447,0.3157894736842105,0.042328042328042326,1,0.0,3.0,0,1,0.3333333333333333,0,0,577,3.0,1,0.0,0.0,23,3,1,,,1,0,644.0,62.7
A-310452,2024-12-25,Enterprise,other,DevTools,FR,9,False,False,6,0.0,0.0,1100.3,1,0.5,0.35347820265143803,0.24,0.05970149253731343,1,1.0,3.6,0,1,0.4,0,0,5,0.0,1,0.0,0.0,36,12,2,,,1,0,6.0,1100.3
A-eb1312,2024-09-16,Pro,partner,FinTech,US,25,False,False,106,0.0,0.0,304.9,2,0.775,0.36823550163538343,0.3230769230769231,0.05731523378582202,1,0.0,5.0,0,0,0.0,1,0,104,1.0,1,0.0,192.60000000000002,13,9,0,,,0,0,106.0,1814.7
A-df1e44,2024-02-23,Enterprise,organic,Cybersecurity,UK,12,False,False,312,0.0,0.0,0.0,46,0.625,0.3390148610354816,0.3333333333333333,0.03341288782816229,1,0.0,4.0,0,0,0.0,1,1,298,1.0,1,0.0,58.800000000000004,22,2,4,,,1,0,312.0,687.9000000000001
A-6a7c9d,2024-10-24,Enterprise,organic,Cybersecurity,US,26,False,True,68,1.0,3753.0,517.4,19,0.375,0.31403006791892574,0.3157894736842105,0.031914893617021274,1,0.0,3.6666666666666665,0,0,0.0,0,0,49,1.0,1,0.6923076923076923,140.60000000000002,13,10,3,2024-11-21,support,1,1,28.0,1302.8
A-cbd1a3,2024-11-25,Basic,other,DevTools,US,6,False,True,36,1.0,3696.0,1526.8000000000002,1,0.725,0.3177201547576713,0.3333333333333333,0.06881720430107527,1,0.0,3.5,0,1,0.25,1,0,35,0.0,1,0.45454545454545453,-1418.5000000000002,10,11,0,2025-02-23,,0,1,90.0,1635.1000000000001
A-a8d89d,2023-12-08,Pro,ads,EdTech,US,13,False,False,389,0.0,0.0,1552.2,4,0.8,0.2864427908936455,0.24074074074074073,0.047186932849364795,1,0.0,4.0,0,0,0.0,1,0,385,0.0,1,0.0,0.0,21,12,4,,,0,0,389.0,1835.6
A-600734,2023-11-14,Pro,organic,DevTools,US,29,True,True,413,0.0,0.0,0.0,60,0.825,0.4194276075534133,0.2608695652173913,0.04559270516717325,1,0.0,3.2857142857142856,0,1,0.14285714285714285,1,0,353,2.0,1,0.0,0.0,5,11,1,2024-09-22,,0,1,313.0,1168.7
A-86fc1d,2024-07-26,Basic,partner,DevTools,UK,26,False,False,158,1.0,2842.0,831.6000000000001,13,0.65,0.26300004865544635,0.32432432432432434,0.07162534435261708,1,1.0,3.4,0,1,0.6,1,0,145,2.0,1,0.07142857142857142,0.0,1,7,4,,,0,0,158.0,1518.1
A-78f02b,2024-11-17,Enterprise,event,HealthTech,US,11,False,False,44,0.0,0.0,1508.1,2,0.425,0.19321765504574448,0.3,0.07582938388625593,1,0.0,3.75,0,0,0.25,1,0,42,0.0,1,0.0,0.0,32,11,6,,,1,0,44.0,1508.1
A-acb7f7,2024-01-06,Basic,ads,EdTech,US,32,False,False,360,0.0,0.0,636.8000000000001,1,0.825,0.40661522974541686,0.2903225806451613,0.058823529411764705,1,1.0,3.3333333333333335,0,1,0.3333333333333333,1,1,359,0.0,1,-0.25510204081632654,74.10000000000002,2,1,5,,,1,0,360.0,2342.2000000000003
A-712f1c,2023-12-16,Basic,ads,DevTools,US,17,False,True,381,3.0,3210.3333333333335,45.6,18,0.8,0.3517485135403102,0.17647058823529413,0.05388272583201268,1,0.0,3.6666666666666665,0,1,0.0,1,0,363,1.0,1,-0.2161422708618331,1168.3000000000002,2,12,5,2024-10-24,budget,0,1,313.0,3397.0
A-3793ee,2023-03-21,Enterprise,organic,Cybersecurity,CA,49,True,False,651,0.0,0.0,0.0,247,0.625,0.31884625790493704,0.21052631578947367,0.03125,1,0.0,3.25,0,0,0.25,1,1,407,1.0,1,-0.0625,0.0,12,3,1,,,0,0,651.0,0.0
A-9a532a,2024-07-06,Enterprise,partner,HealthTech,US,11,False,False,178,0.0,0.0,0.0,53,0.4,0.33340236183525407,0.1111111111111111,0.08108108108108109,1,0.0,3.0,0,0,0.0,0,0,125,0.0,1,0.0,0.0,71,7,5,,,0,0,178.0,1094.5
A-2ebb4b,2023-05-15,Basic,ads,HealthTech,US,41,False,False,596,1.0,4392.0,0.0,32,0.675,0.32209443965895074,0.38,0.06762295081967214,1,0.0,3.0,0,0,0.0,1,0,576,1.0,1,0.0,77.9,16,5,0,,,1,0,596.0,1572.3
A-6843f2,2024-12-10,Enterprise,ads,HealthTech,CA,21,False,False,21,0.0,0.0,1652.0,1,0.6,0.39426766858766704,0.2608695652173913,0.035343035343035345,1,0.0,3.0,0,0,0.5,0,1,20,0.0,1,0.0,0.0,35,12,1,,,0,0,21.0,1652.0
A-c9bb3e,2024-03-24,Pro,ads,EdTech,US,5,False,False,282,0.0,0.0,171.5,8,0.675,0.4182977639779116,0.2826086956521739,0.04219409282700422,1,0.0,3.857142857142857,0,1,0.42857142857142855,1,0,274,1.0,1,-0.7,431.20000000000005,60,3,6,,,0,0,282.0,1095.5
A-4814a3,2024-09-17,Basic,event,Cybersecurity,IN,87,False,True,105,0.0,0.0,591.6,10,0.875,0.3153263986781669,0.31666666666666665,0.07692307692307693,1,0.0,3.25,0,1,0.5,1,1,95,1.0,1,0.0,3257.5000000000005,8,9,1,2024-11-25,pricing,1,1,69.0,8716.1
A-b7b7b7,2024-06-30,Basic,event,FinTech,US,24,False,True,184,2.0,1772.0,235.20000000000002,12,0.775,0.3631888018395488,0.14545454545454545,0.045774647887323945,1,0.0,4.333333333333333,0,0,0.6666666666666666,1,0,172,0.0,1,0.0,93.1,19,6,6,2024-09-28,,0,1,90.0,2738.2000000000003
A-ccc747,2024-01-12,Pro,event,HealthTech,FR,16,False,True,354,0.0,0.0,0.0,164,0.575,0.23658415746104788,0.3,0.045774647887323945,1,0.0,3.5,0,1,0.5,1,0,232,1.0,1,0.0,0.0,23,1,4,2024-09-02,competitor,1,1,234.0,181.3
A-bb3bd4,2024-01-27,Basic,ads,HealthTech,US,23,False,False,339,1.0,504.0,0.0,69,0.45,0.3157926720140934,0.23333333333333334,0.03492063492063492,1,0.0,3.727272727272727,0,1,0.36363636363636365,1,0,270,0.0,1,0.0,0.0,19,1,5,,,1,0,339.0,614.1
A-09316c,2024-09-11,Enterprise,organic,FinTech,AU,70,False,False,111,1.0,2870.0,2919.0,8,0.7,0.26776758506576287,0.2037037037037037,0.054770318021201414,1,0.0,3.75,0,0,0.0,1,0,103,0.0,1,0.0,-2919.0,4,9,2,,,1,0,111.0,7000.0
A-96bbc6,2024-05-07,Enterprise,organic,Cybersecurity,US,39,False,False,238,0.0,0.0,382.20000000000005,16,0.75,0.3553610487540947,0.24489795918367346,0.05186721991701245,1,0.0,3.3333333333333335,0,0,0.0,1,1,222,0.0,1,0.0,393.9,5,5,1,,,1,0,238.0,1663.0
A-bc4d48,2024-06-12,Pro,ads,EdTech,US,35,True,False,202,0.0,0.0,304.5,14,0.6,0.37233829937402974,0.28125,0.028037383177570093,1,0.0,4.0,0,1,0.3333333333333333,1,0,188,0.0,1,0.0,38.5,8,6,2,,,0,0,202.0,1172.5
A-b30291,2024-04-05,Basic,event,HealthTech,US,5,True,True,270,0.0,0.0,19.0,4,0.65,0.398761565442994,0.2916666666666667,0.05973025048169557,1,0.0,3.0,0,1,1.0,0,0,266,1.0,1,0.0,149.70000000000002,14,4,4,2024-09-03,competitor,1,1,151.0,513.0
A-cdf020,2023-08-16,Pro,organic,DevTools,AU,23,False,False,503,0.0,0.0,0.0,107,0.625,0.33878809666394427,0.25,0.047493403693931395,1,0.0,3.75,0,1,0.5,1,0,396,3.0,1,0.0,0.0,36,8,2,,,1,0,503.0,563.5
A-e6afc1,2023-02-24,Pro,ads,DevTools,US,1,False,False,676,2.0,2328.0,0.0,89,0.8,0.4053544279893728,0.2112676056338028,0.044182621502209134,1,0.0,3.0,1,0,0.0,0,0,587,0.0,1,0.3917525773195875,0.0,15,2,4,,,0,0,676.0,1175.4
A-e3bd71,2023-03-25,Basic,partner,Cybersecurity,US,31,False,False,647,0.0,0.0,616.9000000000001,9,0.8,0.3492056657148833,0.26229508196721313,0.04245283018867924,1,0.0,3.5,0,1,0.5,1,1,638,1.0,1,0.0,0.0,11,3,5,,,1,0,647.0,616.9000000000001
A-b179bf,2024-10-27,Basic,ads,Cybersecurity,IN,43,False,False,65,0.0,0.0,855.7,19,0.575,0.42171695044044194,0.20512820512820512,0.04522613065326633,1,1.0,3.1666666666666665,0,1,0.6666666666666666,0,0,65,0.0,1,0.0,81.70000000000005,14,10,6,,,1,0,65.0,1793.1000000000001
A-098560,2023-10-21,Enterprise,ads,DevTools,UK,1,False,True,437,0.0,0.0,0.0,50,0.8,0.43092440242405633,0.18181818181818182,0.05663716814159292,1,0.0,3.0,0,0,0.5,1,0,387,1.0,1,-0.25,0.0,9,10,5,2024-09-04,pricing,1,1,319.0,352.8
A-82861f,2024-04-25,Basic,organic,DevTools,UK,41,False,False,250,0.0,0.0,426.3,23,0.7,0.30205239649744137,0.34,0.09307359307359307,1,0.0,3.2,0,1,0.6,0,0,227,3.0,1,0.0,840.4000000000002,25,4,3,,,0,0,250.0,3547.4
A-94c3cd,2023-09-20,Enterprise,other,FinTech,CA,32,False,False,468,0.0,0.0,0.0,303,0.45,0.3271927402275996,0.2903225806451613,0.0594059405940594,1,0.0,3.25,0,1,0.25,0,0,360,0.0,1,0.0,0.0,20,9,2,,,0,0,468.0,0.0
A-a33200,2024-09-15,Basic,partner,HealthTech,US,29,False,False,107,0.0,0.0,1003.4000000000001,11,0.825,0.3739189598420056,0.2,0.05029013539651837,1,0.0,4.0,0,1,0.3333333333333333,1,0,96,1.0,1,0.25,-229.10000000000014,20,9,6,,,1,0,107.0,2891.3
A-034368,2023-11-05,Enterprise,event,EdTech,US,19,False,False,422,0.0,0.0,0.0,229,0.5,0.3172453802147933,0.21428571428571427,0.09433962264150944,1,0.0,3.4,0,1,0.2,0,0,383,0.0,1,0.24590163934426232,0.0,18,11,6,,,0,0,422.0,0.0
A-b54c01,2024-09-29,Enterprise,event,DevTools,US,29,False,False,93,2.0,3682.0,284.2,29,0.375,0.5189456288910853,0.2608695652173913,0.0752212389380531,1,0.0,3.0,0,0,0.0,0,0,85,0.0,1,-1.3333333333333333,0.0,87,9,6,,,1,0,93.0,339.29999999999995
A-d82ef9,2024-07-02,Basic,other,EdTech,UK,26,False,True,182,1.0,2650.0,384.9,19,0.8,0.43262711515125857,0.27941176470588236,0.06774668630338733,1,0.0,4.0,0,1,0.4,1,1,170,1.0,1,0.1250971250971251,132.5,2,7,1,2024-08-06,budget,1,1,35.0,1432.7
A-bb2f49,2023-05-28,Pro,other,Cybersecurity,US,8,False,False,583,1.0,4202.0,0.0,32,0.775,0.3008673456534288,0.3,0.06796116504854369,1,0.0,3.6666666666666665,0,1,0.6666666666666666,1,1,551,1.0,1,-0.0944055944055944,0.0,1,5,6,,,0,0,583.0,1352.4
A-1f559b,2023-09-04,Enterprise,organic,HealthTech,US,5,True,True,484,0.0,0.0,0.0,99,0.725,0.4424544860459912,0.2,0.0675,1,0.0,4.2,0,1,0.0,0,1,385,2.0,1,0.0,0.0,40,9,0,2024-09-28,features,0,1,390.0,597.0
A-5a215a,2024-01-05,Enterprise,other,EdTech,FR,87,False,False,361,0.0,0.0,165.3,26,0.8,0.3795816122252031,0.2125,0.08798017348203221,1,0.0,3.75,0,1,0.5,1,0,335,6.0,1,0.3394495412844037,261.0,7,1,4,,,0,0,361.0,5725.8
A-3f9cc0,2024-06-03,Basic,event,HealthTech,US,22,False,False,211,0.0,0.0,917.4000000000001,20,0.625,0.3376629695015345,0.2857142857142857,0.05896805896805897,0,0.0,3.6,0,1,0.4,1,1,191,0.0,1,0.0,-437.80000000000007,11,6,0,,,1,0,211.0,1994.0
A-f9cc74,2024-10-12,Enterprise,partner,DevTools,FR,30,True,False,80,0.0,0.0,1441.7,0,0.75,0.3310556882360282,0.34,0.045454545454545456,1,0.0,3.8333333333333335,0,0,0.16666666666666666,1,0,80,1.0,1,0.29508196721311475,-1327.7,0,10,5,,,0,0,80.0,1555.7
A-ed510f,2023-01-17,Basic,partner,Cybersecurity,IN,42,False,False,714,0.0,0.0,0.0,51,0.675,0.3109784252741494,0.30612244897959184,0.056795131845841784,1,1.0,3.4444444444444446,0,1,0.1111111111111111,1,0,663,1.0,1,-1.0,0.0,14,1,1,,,1,0,714.0,205.8
A-5c9849,2024-11-03,Basic,partner,EdTech,IN,19,False,False,58,0.0,0.0,3104.8,7,0.75,0.3210689379756683,0.34782608695652173,0.048625792811839326,1,0.0,3.0,0,1,0.0,1,0,51,1.0,1,0.0,-2633.6000000000004,13,11,6,,,1,0,58.0,3576.0
A-a7bd4b,2023-02-15,Enterprise,ads,Cybersecurity,US,5,False,False,685,0.0,0.0,0.0,32,0.725,0.3438290736666184,0.2545454545454545,0.0642361111111111,1,0.0,3.1666666666666665,0,1,0.16666666666666666,1,0,653,3.0,1,0.9166666666666666,0.0,3,2,2,,,1,0,685.0,39.2
A-d4ac0e,2024-04-20,Basic,ads,DevTools,UK,18,False,False,255,0.0,0.0,34.2,29,0.95,0.38116485279329726,0.3375,0.06700379266750948,1,0.0,3.25,0,0,0.75,1,0,235,1.0,1,0.5270270270270271,176.5,5,4,5,,,0,0,255.0,1527.7
A-ffdfd5,2024-04-13,Basic,organic,EdTech,US,3,False,True,262,1.0,230.0,53.900000000000006,11,0.725,0.3689841146438477,0.34615384615384615,0.05303030303030303,1,0.0,3.0,1,0,0.0,1,0,251,1.0,1,0.3082901554404145,-14.0,10,4,5,2024-08-08,features,1,1,117.0,601.6
A-0dbdc6,2023-02-12,Pro,other,Cybersecurity,DE,30,False,True,688,0.0,0.0,0.0,265,0.8,0.3162253533812457,0.2692307692307692,0.060546875,1,0.0,3.5,0,0,0.25,0,0,566,0.0,1,-0.024429967426710098,0.0,0,2,6,2024-04-14,pricing,1,1,427.0,0.0
A-7cfe77,2024-07-10,Pro,ads,DevTools,US,69,False,False,174,0.0,0.0,338.1,20,0.4,0.31593709333181696,0.05263157894736842,0.05365853658536585,1,0.0,3.2857142857142856,0,1,0.42857142857142855,1,1,154,0.0,1,0.0,131.10000000000002,0,7,2,,,1,0,174.0,1276.5
A-1f0636,2024-01-01,Pro,partner,EdTech,AU,105,False,False,365,0.0,0.0,0.0,99,0.8,0.3124832726638438,0.16176470588235295,0.043795620437956206,1,0.0,3.5,0,0,0.5,1,0,308,1.0,1,-0.1111111111111111,0.0,2,1,0,,,0,0,365.0,5648.700000000001
A-40de06,2023-05-08,Enterprise,event,Cybersecurity,US,28,False,True,603,0.0,0.0,557.2,26,0.925,0.4016898271677175,0.21978021978021978,0.04767184035476718,1,0.0,3.3333333333333335,0,1,0.3333333333333333,1,1,577,2.0,1,-0.23076923076923078,-439.40000000000003,14,5,0,2024-12-29,,0,1,601.0,949.4000000000001
A-cb5333,2024-03-26,Pro,ads,DevTools,US,33,False,False,280,0.0,0.0,740.3000000000001,6,0.9,0.38585458217310387,0.2926829268292683,0.04271356783919598,1,0.0,3.0,0,1,0.5,0,1,274,1.0,1,0.0,-740.3000000000001,10,3,1,,,1,0,280.0,1744.5000000000002
A-309e54,2024-12-09,Pro,other,DevTools,US,15,False,False,22,0.0,0.0,2854.9,5,0.7,0.3636121460068627,0.28846153846153844,0.047151277013752456,1,0.0,3.0,0,1,0.4,0,1,18,1.0,1,0.0,0.0,14,12,0,,,1,0,22.0,2854.9
A-6e7827,2023-03-26,Basic,other,DevTools,US,1,False,False,646,1.0,1089.0,0.0,77,0.6,0.298765973867394,0.2682926829268293,0.07398568019093078,1,0.0,3.5,0,0,0.0,1,0,569,1.0,1,-0.32432432432432434,0.0,10,3,6,,,1,0,646.0,56.300000000000004
A-50bb9f,2024-07-12,Pro,organic,Cybersecurity,US,2,False,False,172,0.0,0.0,740.3,10,0.45,0.20831723726209314,0.4166666666666667,0.05434782608695652,1,0.0,3.4285714285714284,0,1,0.42857142857142855,1,0,162,1.0,1,0.0,-671.7,8,7,4,,,1,0,172.0,1726.3000000000002
A-5fe118,2024-11-07,Enterprise,other,Cybersecurity,US,39,False,False,54,0.0,0.0,2229.0,25,0.35,0.3219109115242646,0.09523809523809523,0.05172413793103448,1,0.0,4.0,0,1,1.0,0,0,29,0.0,1,0.0,-2229.0,12,11,3,,,0,0,54.0,2229.0
A-5247b3,2024-03-12,Pro,partner,FinTech,UK,16,True,False,294,0.0,0.0,318.40000000000003,11,0.8,0.33410750757968305,0.26666666666666666,0.047540983606557376,1,0.0,3.6,0,1,0.2,1,0,283,1.0,1,0.0,-127.85000000000001,25,3,1,,,0,0,294.0,847.5000000000001
A-f44180,2023-02-13,Pro,event,Cybersecurity,UK,9,False,False,687,0.0,0.0,0.0,40,0.675,0.31269057908221604,0.3076923076923077,0.04271844660194175,1,0.0,5.0,0,1,0.0,0,0,647,2.0,1,-0.15145228215767637,0.0,16,2,0,,,1,0,687.0,2169.1000000000004
A-c16cf7,2024-10-16,Pro,event,EdTech,US,13,True,False,76,1.0,2002.0,1023.3,2,0.825,0.3908176497529935,0.25862068965517243,0.045060658578856154,1,1.0,3.3333333333333335,0,0,0.0,0,0,74,1.0,1,-0.4032258064516129,-910.4,3,10,2,,,1,0,76.0,1227.4
A-d42431,2024-06-09,Enterprise,ads,FinTech,FR,22,True,False,205,0.0,0.0,214.70000000000002,2,0.65,0.2866702343879045,0.23404255319148937,0.07439824945295405,1,0.0,3.5,0,1,0.5,1,1,203,1.0,1,0.0,223.1,25,6,6,,,1,0,205.0,1678.2
A-6965e1,2024-11-25,Basic,organic,DevTools,US,13,False,False,36,0.0,0.0,2234.4,11,0.675,0.3215399608915623,0.3389830508474576,0.046251993620414676,1,0.0,3.0,0,0,0.3333333333333333,1,1,26,0.0,1,0.0,-1692.3000000000002,3,11,0,,,0,0,36.0,2776.5
A-0354fe,2024-10-22,Basic,other,Cybersecurity,US,34,False,False,70,0.0,0.0,805.8000000000001,12,0.7,0.3392522661046649,0.3111111111111111,0.06521739130434782,1,1.0,3.5,0,0,0.75,1,0,58,1.0,1,0.0,-64.60000000000002,0,10,1,,,1,0,70.0,1547.0
A-0a62f5,2024-09-11,Pro,partner,FinTech,UK,16,False,False,111,0.0,0.0,318.40000000000003,5,0.5,0.2650105974667533,0.24,0.028688524590163935,1,0.0,3.0,0,1,0.5,0,0,106,0.0,1,0.0,-240.00000000000003,41,9,2,,,1,0,111.0,486.1
A-f5641b,2024-03-30,Pro,other,EdTech,US,31,False,False,276,0.0,0.0,616.9000000000001,22,0.675,0.3193882731851733,0.1794871794871795,0.0410958904109589,1,0.0,3.0,0,1,0.25,1,1,254,1.0,1,0.6666666666666666,0.0,20,3,5,,,1,0,276.0,2002.6000000000004
A-b44e3e,2024-02-12,Basic,ads,Cybersecurity,UK,40,False,False,323,1.0,4067.0,1572.1000000000001,16,0.5,0.3581513007659541,0.23684210526315788,0.03359173126614987,1,0.0,4.333333333333333,0,1,0.3333333333333333,1,0,307,1.0,1,0.8571428571428571,0.0,32,2,0,,,1,0,323.0,3556.1000000000004
A-3b37d9,2023-01-27,Enterprise,event,FinTech,US,23,False,False,704,0.0,0.0,0.0,74,0.65,0.2930370638233111,0.2558139534883721,0.04656319290465632,1,0.0,3.6,0,1,0.2,1,0,630,1.0,1,-0.15000000000000002,0.0,17,1,4,,,1,0,704.0,570.4000000000001
A-54d94a,2023-05-01,Basic,event,Cybersecurity,IN,27,False,False,610,1.0,180.0,0.0,229,0.75,0.37143560811302834,0.23728813559322035,0.048109965635738834,1,0.0,3.25,0,0,0.25,1,1,398,1.0,1,0.047619047619047616,0.0,1,5,0,,,0,0,610.0,0.0
A-7f29a7,2024-09-18,Basic,event,Cybersecurity,UK,41,True,False,104,1.0,1057.0,356.70000000000005,8,0.8,0.3834869876379764,0.2903225806451613,0.061389337641357025,1,0.0,4.0,0,1,0.0,0,0,96,3.0,1,0.045454545454545456,-278.80000000000007,17,9,2,,,1,0,104.0,1886.0
A-089363,2023-05-06,Basic,event,FinTech,AU,2,False,False,605,0.0,0.0,9.8,28,0.75,0.3766037132799943,0.3114754098360656,0.052969502407704656,1,0.0,3.6666666666666665,0,0,0.3333333333333333,1,0,577,2.0,1,-0.125,0.0,26,5,5,,,1,0,605.0,9.8
A-524364,2024-12-31,Enterprise,partner,DevTools,FR,3,False,False,0,0.0,0.0,955.2,0,0.45,0.31693353515972866,0.23076923076923078,0.10126582278481013,1,0.0,4.333333333333333,0,1,0.3333333333333333,0,0,0,0.0,1,0.0,0.0,99,12,1,,,0,0,1.0,955.2
A-855a48,2023-12-22,Pro,partner,EdTech,US,14,True,False,375,0.0,0.0,0.0,39,0.65,0.29237641161582245,0.22727272727272727,0.03611738148984198,1,0.0,3.4,0,1,0.2,0,1,336,0.0,1,0.0,0.0,42,12,4,,,1,0,375.0,1843.6000000000001
A-756192,2023-06-11,Basic,other,FinTech,IN,19,False,False,569,0.0,0.0,0.0,138,0.8,0.3306043354991024,0.265625,0.06991869918699187,1,0.0,3.6666666666666665,0,1,0.3333333333333333,1,0,471,0.0,1,-0.1875,0.0,2,6,6,,,0,0,569.0,93.10000000000001
A-49b828,2023-05-05,Pro,ads,FinTech,IN,6,False,False,606,1.0,2724.0,46.5,6,0.725,0.2924572612169985,0.27692307692307694,0.06550218340611354,1,1.0,3.3333333333333335,0,0,0.6666666666666666,1,0,600,0.0,1,0.08078602620087336,0.0,10,5,4,,,0,0,606.0,1519.1
A-c7ffc2,2023-01-27,Pro,partner,Cybersecurity,US,30,True,False,704,2.0,2327.0,0.0,118,0.75,0.3446396423089594,0.2903225806451613,0.04375,1,0.0,3.0,0,0,0.0,1,0,586,0.0,1,0.0,0.0,1,1,4,,,1,0,704.0,703.8000000000001
A-751c58,2024-07-18,Basic,organic,FinTech,UK,15,False,False,166,0.0,0.0,298.5,11,0.775,0.34495987730715266,0.2830188679245283,0.020905923344947737,1,1.0,3.8,0,0,0.2,1,0,155,0.0,1,-2.25,-39.0,2,7,3,,,1,0,166.0,1959.7
A-72799b,2023-11-13,Enterprise,event,DevTools,FR,20,False,True,414,0.0,0.0,398.0,4,0.775,0.3421067626297922,0.17857142857142858,0.06181818181818182,1,0.0,4.5,0,0,0.5,1,1,410,1.0,1,0.0,-360.0,4,11,0,2024-05-05,pricing,1,1,174.0,636.6
A-812c5b,2024-02-25,Basic,organic,DevTools,CA,55,False,True,310,1.0,288.0,0.0,84,0.825,0.37490812391789313,0.19318181818181818,0.053117782909930716,1,0.0,3.5,0,1,0.5,0,0,272,0.0,1,0.025345622119815673,0.0,3,2,6,2024-05-11,support,1,1,76.0,1011.0
A-69b156,2023-11-21,Pro,other,EdTech,US,7,False,True,406,0.0,0.0,0.0,36,0.6,0.29952343099378004,0.2222222222222222,0.05555555555555555,1,0.0,3.5714285714285716,0,0,0.42857142857142855,0,1,370,2.0,1,0.0,0.0,19,11,1,2024-12-30,,0,1,405.0,730.8000000000001
A-075038,2023-05-12,Basic,ads,HealthTech,UK,17,False,False,599,0.0,0.0,0.0,63,0.8,0.3136066699228528,0.3142857142857143,0.04206241519674356,1,0.0,3.0,0,0,0.0,1,0,536,0.0,1,0.0,0.0,10,5,4,,,0,0,599.0,588.0
A-940b8b,2024-03-19,Basic,organic,HealthTech,DE,1,False,False,287,0.0,0.0,636.8000000000001,13,0.575,0.3293445725783301,0.22857142857142856,0.08839779005524862,1,0.0,3.6666666666666665,0,1,0.3333333333333333,1,1,274,0.0,1,-0.2238267148014441,-412.80000000000007,64,3,1,,,0,0,287.0,964.0000000000001
A-2d1036,2024-06-14,Pro,ads,FinTech,US,69,False,True,200,2.0,4874.0,1504.2,19,0.775,0.2830500013402896,0.3188405797101449,0.057803468208092484,1,1.0,4.6,0,1,0.4,0,1,181,3.0,1,0.3333333333333333,207.00000000000023,1,6,4,2024-10-28,pricing,1,1,136.0,6127.200000000001
A-0f6450,2024-12-27,Pro,other,FinTech,US,28,True,True,4,0.0,0.0,2380.0000000000005,0,0.775,0.38067601908277837,0.2962962962962963,0.07235621521335807,1,0.0,3.625,0,1,0.25,0,0,4,0.0,1,0.0,0.0,53,12,4,2024-12-30,competitor,0,1,3.0,2380.0000000000005
A-9affe6,2023-03-22,Pro,other,Cybersecurity,US,7,False,False,650,0.0,0.0,139.3,15,0.65,0.3694212382314471,0.2978723404255319,0.03382663847780127,1,0.0,3.0,0,1,0.0,1,0,635,2.0,1,0.5,0.0,0,3,2,,,1,0,650.0,259.0
A-80eeb6,2023-05-09,Enterprise,organic,Cybersecurity,UK,22,False,False,602,2.0,3801.5,0.0,67,0.95,0.4138061738494031,0.2894736842105263,0.05931034482758621,1,1.0,3.5,0,1,0.25,1,1,535,3.0,1,0.19230769230769232,0.0,8,5,1,,,1,0,602.0,2005.2
A-d4e0d4,2024-10-18,Basic,other,FinTech,US,117,False,False,74,0.0,0.0,6503.1,0,0.75,0.36123262073945533,0.22448979591836735,0.06762295081967214,1,0.0,3.5,0,0,0.25,1,1,74,1.0,1,0.0,-2284.7,27,10,4,,,0,0,74.0,10721.5
A-c7e58b,2023-06-25,Pro,other,HealthTech,IN,3,False,False,555,0.0,0.0,0.0,66,0.55,0.31169950981090283,0.29411764705882354,0.052478134110787174,1,0.0,3.4,0,1,0.6,0,0,489,0.0,1,0.0,0.0,42,6,6,,,0,0,555.0,145.0
A-016043,2024-07-31,Basic,organic,EdTech,CA,4,True,False,153,0.0,0.0,11.4,2,0.65,0.34632625668602723,0.2127659574468085,0.04285714285714286,1,0.0,3.3333333333333335,0,0,0.6666666666666666,1,0,151,1.0,1,0.0,411.29999999999995,0,7,2,,,1,0,153.0,1651.6000000000001
A-bbe56f,2023-02-16,Enterprise,ads,HealthTech,US,21,False,False,684,0.0,0.0,0.0,194,0.325,0.3047515925451517,0.36363636363636365,0.034934497816593885,1,0.0,3.75,0,1,0.5,1,0,490,0.0,1,0.0,0.0,29,2,3,,,0,0,684.0,0.0
A-7c5768,2024-03-02,Enterprise,event,HealthTech,UK,3,False,False,304,1.0,4160.0,99.5,3,0.675,0.37699893949308977,0.30434782608695654,0.06724511930585683,1,0.0,3.6,0,1,0.6,0,0,301,0.0,1,0.10600706713780918,0.0,29,3,5,,,0,0,304.0,120.4
A-751bd4,2024-07-12,Pro,partner,Cybersecurity,UK,10,False,False,172,1.0,7397.0,0.0,68,0.225,0.26026499994301416,0.3,0.0,0,0.0,3.8333333333333335,0,1,0.6666666666666666,0,0,104,0.0,1,0.0,0.0,13,7,4,,,0,0,172.0,19.0
A-4e0e85,2023-09-08,Enterprise,organic,DevTools,US,6,False,False,480,0.0,0.0,0.0,167,0.5,0.34173558662005254,0.45161290322580644,0.03125,1,0.0,4.0,0,0,0.0,1,0,319,0.0,1,0.42105263157894735,0.0,3,9,4,,,0,0,480.0,119.4
A-ad3abd,2023-03-03,Pro,event,FinTech,US,44,False,False,669,0.0,0.0,875.6,15,0.5,0.36790572756467743,0.2413793103448276,0.037162162162162164,1,0.0,3.0,0,1,0.6666666666666666,0,0,654,3.0,1,1.3333333333333333,-792.0,40,3,4,,,0,0,669.0,1174.8
A-e19ff6,2023-07-28,Enterprise,partner,Cybersecurity,UK,1,False,False,522,1.0,5343.0,15.200000000000001,12,0.65,0.3031447178655451,0.2222222222222222,0.05263157894736842,1,0.0,4.666666666666667,0,1,0.3333333333333333,1,0,510,0.0,1,0.0649692712906058,0.0,15,7,4,,,1,0,522.0,87.4
A-7920cc,2023-11-23,Pro,ads,Cybersecurity,FR,39,False,False,404,2.0,1839.0,148.20000000000002,4,0.8,0.3122941024375105,0.24193548387096775,0.04658901830282862,1,0.0,3.5714285714285716,0,1,0.2857142857142857,1,0,400,0.0,1,-0.08958837772397095,-148.20000000000002,11,11,3,,,0,0,404.0,2147.1000000000004
A-5a92e7,2024-06-11,Pro,ads,HealthTech,US,4,False,False,203,0.0,0.0,238.8,2,0.925,0.37683264915635195,0.3058823529411765,0.08597285067873303,1,0.0,4.0,0,1,0.2857142857142857,0,0,201,2.0,1,-0.1824540950160303,-14.799999999999983,7,6,1,,,1,0,203.0,1255.7
A-fdfc91,2023-05-06,Basic,ads,Cybersecurity,US,29,False,False,605,0.0,0.0,0.0,85,0.8,0.31045836475860694,0.32142857142857145,0.051418439716312055,1,0.0,3.4,0,1,0.6,1,0,520,1.0,1,0.2857142857142857,0.0,42,5,5,,,0,0,605.0,165.3
A-1e50e0,2023-02-21,Pro,other,Cybersecurity,DE,19,True,True,679,2.0,2947.5,378.1,30,0.425,0.44111920468046084,0.15,0.07731958762886598,1,0.0,4.0,0,1,1.0,1,0,649,1.0,1,-0.06796116504854369,0.0,21,2,1,2024-04-26,pricing,1,1,430.0,378.1
A-1e1b80,2023-09-12,Enterprise,other,FinTech,CA,50,False,False,476,2.0,3418.5,95.0,29,0.85,0.3324577668630762,0.3235294117647059,0.0689149560117302,1,0.0,3.1666666666666665,0,1,0.0,1,0,447,0.0,1,0.15332581736189402,900.0,13,9,1,,,1,0,476.0,2439.7
A-659280,2023-11-17,Enterprise,event,FinTech,IN,13,True,True,410,1.0,3184.0,322.4,8,0.75,0.505021155627656,0.38333333333333336,0.05546492659053834,1,0.0,4.0,0,0,1.0,1,0,402,0.0,1,-0.13333333333333333,294.5000000000001,7,11,4,2024-11-22,pricing,1,1,371.0,1610.4
A-f6b2fb,2024-04-23,Basic,event,DevTools,AU,23,False,False,252,1.0,2574.0,112.7,30,0.725,0.36268887086045803,0.2545454545454545,0.07074569789674952,1,0.0,3.6,0,0,0.0,1,1,222,2.0,1,0.5068493150684932,0.0,7,4,1,,,0,0,252.0,2292.2
A-cb6cc6,2023-04-03,Basic,ads,DevTools,US,13,True,False,638,0.0,0.0,0.0,134,0.525,0.47413270796700047,0.3142857142857143,0.08414239482200647,0,0.0,3.3333333333333335,0,0,0.6666666666666666,1,0,621,0.0,1,10.0,0.0,10,4,0,,,0,0,638.0,51.300000000000004
A-d62e02,2024-08-20,Pro,partner,Cybersecurity,US,6,False,False,133,0.0,0.0,199.0,14,0.625,0.398450051300734,0.23529411764705882,0.06686046511627906,1,0.0,4.0,0,0,0.0,1,1,119,0.0,1,0.0,238.80000000000007,9,8,1,,,0,0,133.0,2132.4
A-d535f6,2024-09-03,Basic,organic,DevTools,US,12,True,True,119,0.0,0.0,261.6,20,0.65,0.3403841282087037,0.40425531914893614,0.06079664570230608,1,0.0,3.0,1,0,0.0,1,1,101,0.0,1,0.2,-261.6,6,9,1,2024-11-26,features,1,1,84.0,741.5
A-39868b,2024-03-17,Pro,partner,FinTech,AU,9,False,False,289,0.0,0.0,0.0,39,0.55,0.3032847601092301,0.2857142857142857,0.06885245901639345,1,1.0,3.8333333333333335,0,1,0.3333333333333333,1,0,250,0.0,1,0.0,0.0,17,3,6,,,1,0,289.0,375.30000000000007
A-3cc791,2024-01-10,Enterprise,other,EdTech,US,6,False,False,356,1.0,3969.0,0.0,76,0.7,0.3682715566899541,0.2608695652173913,0.06711409395973154,1,0.0,3.8333333333333335,0,1,0.3333333333333333,0,0,335,0.0,1,0.07127429805615551,0.0,36,1,2,,,0,0,356.0,675.8
A-337bc1,2023-07-19,Pro,organic,Cybersecurity,US,30,True,False,531,1.0,4499.0,147.0,14,0.675,0.38754055485961675,0.3023255813953488,0.08,1,1.0,3.75,0,0,0.5,1,1,517,0.0,1,0.08333333333333333,0.0,26,7,2,,,1,0,531.0,823.6
A-58b9ff,2024-05-31,Enterprise,partner,DevTools,IN,2,False,False,214,0.0,0.0,29.400000000000002,26,0.7,0.29951255366554214,0.24615384615384617,0.047976011994003,1,0.0,3.5,0,0,0.0,1,1,197,1.0,1,-0.5133333333333333,39.8,12,5,4,,,1,0,214.0,2264.2000000000003
A-bf7919,2024-11-27,Pro,organic,HealthTech,US,3,False,False,34,0.0,0.0,156.0,10,0.575,0.3099274244873968,0.3076923076923077,0.05343511450381679,1,0.0,4.0,0,0,1.0,0,0,24,1.0,1,0.0,-156.0,39,11,2,,,1,0,34.0,156.0
A-1d5444,2024-01-18,Basic,partner,Cybersecurity,US,24,False,True,348,2.0,1367.5,0.0,61,0.7,0.36345344776212907,0.3050847457627119,0.05922165820642978,1,0.0,3.5,0,0,0.5,1,0,287,0.0,1,0.13401109057301294,0.0,10,1,3,2024-06-01,support,1,1,135.0,1999.1000000000001
A-0f3e88,2023-07-23,Basic,other,HealthTech,US,7,False,True,527,0.0,0.0,13.3,13,0.8,0.3341147196585865,0.3559322033898305,0.046822742474916385,1,0.0,4.0,0,1,0.3333333333333333,1,0,514,1.0,1,-1.0,0.0,2,7,6,2024-08-11,budget,1,1,385.0,197.10000000000002
A-7641d3,2023-02-16,Pro,partner,EdTech,US,8,True,True,684,1.0,6468.0,0.0,55,0.7,0.34138506939109003,0.32,0.05019305019305019,1,2.0,3.8,0,1,0.2,0,1,629,0.0,1,-0.13333333333333333,0.0,7,2,3,2024-06-07,unknown,1,1,477.0,174.4
A-cd458b,2024-06-15,Basic,other,DevTools,US,10,True,False,199,1.0,1720.0,19.0,27,0.85,0.3410571699570222,0.3333333333333333,0.05214368482039398,1,1.0,4.6,0,1,0.2,0,1,172,1.0,1,-0.08699902248289346,0.0,0,6,5,,,1,0,199.0,2896.3
A-c16b88,2023-12-02,Enterprise,event,HealthTech,US,23,False,False,395,0.0,0.0,0.0,184,0.7,0.2922902787918041,0.3541666666666667,0.0525164113785558,1,0.0,3.0,0,0,0.0,1,0,298,1.0,1,-0.05172413793103448,0.0,42,12,5,,,1,0,395.0,0.0
A-59f724,2023-11-03,Enterprise,other,HealthTech,US,3,True,False,424,0.0,0.0,0.0,59,0.825,0.38048158699431206,0.38235294117647056,0.06752873563218391,1,0.0,4.25,0,1,0.5,1,0,365,0.0,1,0.0,0.0,24,11,4,,,0,0,424.0,526.0
A-87aa7b,2024-05-16,Pro,organic,HealthTech,US,24,True,False,229,2.0,4785.5,485.1,6,0.775,0.3532497170138974,0.2916666666666667,0.04716981132075472,1,0.0,3.0,0,1,0.6666666666666666,1,1,223,0.0,1,-0.2708006279434851,-367.5,5,5,3,,,1,0,229.0,1829.4
A-1e6fc3,2023-12-06,Pro,other,EdTech,FR,1,False,False,391,0.0,0.0,0.0,117,0.475,0.3104123359797519,0.34615384615384615,0.0778688524590164,1,1.0,3.4,0,1,0.6,0,0,355,1.0,1,0.0,0.0,88,12,2,,,1,0,391.0,24.5
A-39ddf4,2024-12-05,Enterprise,partner,EdTech,US,40,False,False,26,0.0,0.0,3583.6,2,0.675,0.34513970479316414,0.32608695652173914,0.07912087912087912,1,0.0,4.0,0,0,0.6,0,0,24,1.0,1,0.0,0.0,16,12,3,,,0,0,26.0,3583.6
A-34ea2f,2024-08-15,Enterprise,organic,HealthTech,US,8,False,True,138,0.0,0.0,167.10000000000002,21,0.725,0.3161329072183028,0.17543859649122806,0.05454545454545454,1,0.0,3.5,0,1,0.25,1,0,117,2.0,1,0.0,239.60000000000002,4,8,3,2024-10-19,unknown,1,1,65.0,1458.3000000000002
A-716841,2024-05-06,Pro,other,FinTech,US,45,False,False,239,0.0,0.0,526.4000000000001,7,0.65,0.4030623022015664,0.38235294117647056,0.0377906976744186,1,0.0,3.6,0,0,0.4,0,0,232,0.0,1,0.0,0.0,11,5,0,,,1,0,239.0,832.4000000000001
A-558c72,2023-06-01,Basic,organic,FinTech,US,12,False,False,579,1.0,5071.0,78.4,11,0.475,0.33056604412324003,0.36666666666666664,0.05405405405405406,1,0.0,3.75,0,1,0.0,1,0,568,1.0,1,0.0,0.0,17,6,3,,,1,0,579.0,78.4
A-b11cd0,2023-01-20,Pro,ads,DevTools,US,26,True,True,711,0.0,0.0,49.400000000000006,27,0.525,0.3990626723373468,0.3103448275862069,0.05755395683453238,1,0.0,3.5,0,0,0.25,0,0,684,2.0,1,0.0,0.0,10,1,4,2024-10-23,,0,1,642.0,49.400000000000006
A-cc1d8d,2024-12-08,Pro,other,FinTech,US,5,False,False,23,1.0,5753.0,894.7,0,0.825,0.4191814724898995,0.30158730158730157,0.07766990291262135,1,0.0,3.6,0,0,0.4,1,1,23,0.0,1,0.0,0.0,16,12,6,,,1,0,23.0,894.7
A-7f4db3,2023-03-05,Pro,other,FinTech,US,4,False,False,667,0.0,0.0,178.8,6,0.9,0.39351749532611907,0.32222222222222224,0.054502369668246446,1,1.0,3.2,0,1,0.8,0,1,661,3.0,1,0.457388939256573,-178.8,11,3,6,,,1,0,667.0,262.1
A-db5e9e,2024-11-09,Basic,partner,DevTools,US,4,False,False,52,0.0,0.0,209.60000000000002,3,0.725,0.35505405197238454,0.24561403508771928,0.04607508532423208,1,0.0,5.0,0,0,0.0,0,1,49,1.0,1,0.0,505.9,0,11,5,,,1,0,52.0,925.1000000000001
A-cc102e,2024-04-15,Enterprise,partner,HealthTech,US,13,False,False,260,1.0,588.0,230.5,21,0.65,0.3333598663777899,0.23255813953488372,0.09898477157360407,1,0.0,4.0,0,0,0.5,1,0,239,1.0,1,0.14795918367346939,-205.8,3,4,0,,,1,0,260.0,577.6
A-82d8a6,2024-11-28,Basic,ads,Cybersecurity,UK,5,False,False,33,0.0,0.0,2747.6000000000004,5,0.8,0.31944688370441315,0.3142857142857143,0.057488653555219364,1,1.0,3.2,0,1,0.2,1,1,28,4.0,1,0.0,-2584.6000000000004,14,11,3,,,1,0,33.0,2796.6000000000004
A-dec005,2023-10-13,Pro,partner,HealthTech,US,21,False,False,445,0.0,0.0,0.0,70,0.775,0.366936871460181,0.27450980392156865,0.09302325581395349,1,0.0,3.0,0,0,0.0,1,0,441,1.0,1,-0.14285714285714285,0.0,4,10,4,,,1,0,445.0,1034.8000000000002
A-5790f4,2024-12-22,Pro,event,FinTech,UK,1,True,False,9,0.0,0.0,1892.6000000000001,1,0.625,0.35230617282773236,0.3142857142857143,0.08099688473520249,1,0.0,3.25,0,1,0.25,0,0,9,1.0,1,0.0,0.0,22,12,6,,,1,0,9.0,1892.6000000000001
A-7c83a1,2024-05-06,Pro,partner,Cybersecurity,US,12,False,False,239,0.0,0.0,532.8000000000001,8,0.725,0.3371297795320699,0.22580645161290322,0.03656597774244833,1,0.0,4.0,0,0,0.25,0,1,231,3.0,1,-0.11404435058078141,-15.400000000000091,0,5,0,,,0,0,239.0,1509.9
A-297a2d,2023-05-05,Pro,event,HealthTech,UK,27,False,False,606,0.0,0.0,0.0,117,0.575,0.24894763490878835,0.32,0.09016393442622951,1,0.0,3.0,0,0,0.5,1,0,504,0.0,1,0.0,0.0,47,5,4,,,0,0,606.0,716.4000000000001
A-4c56c9,2023-12-20,Enterprise,partner,FinTech,US,9,False,True,377,0.0,0.0,0.0,145,0.85,0.33584499671068524,0.328125,0.06109324758842444,1,2.0,3.6,0,0,0.2,0,0,232,3.0,1,-0.2917771883289125,0.0,23,12,2,2024-04-05,budget,1,1,107.0,275.8
A-cbbe12,2023-03-22,Enterprise,partner,Cybersecurity,DE,40,False,False,650,0.0,0.0,0.0,140,0.35,0.39807061255836407,0.18181818181818182,0.05649717514124294,0,0.0,3.8333333333333335,0,1,0.3333333333333333,1,1,529,2.0,1,0.0,0.0,29,3,2,,,0,0,650.0,196.0
A-4a267b,2024-05-05,Pro,other,FinTech,US,25,False,False,240,0.0,0.0,577.1,4,0.775,0.36282807784378546,0.28,0.04417670682730924,1,1.0,4.0,0,1,0.75,1,1,236,2.0,1,0.0,-529.6,36,5,6,,,1,0,240.0,2968.7
A-bcbe98,2024-07-29,Enterprise,other,Cybersecurity,US,46,False,False,155,1.0,7033.0,400.20000000000005,0,0.85,0.5235789245441839,0.16923076923076924,0.06825396825396825,1,0.0,3.4285714285714284,0,1,0.14285714285714285,1,1,155,0.0,1,-0.0892128279883382,-174.80000000000004,17,7,0,,,1,0,155.0,2166.6
A-427b69,2024-08-23,Basic,other,FinTech,US,17,False,False,130,1.0,1422.0,605.6,15,0.8,0.378286526428417,0.2,0.05164992826398852,1,0.0,3.0,0,1,0.5,0,0,115,1.0,1,0.625,-605.6,4,8,4,,,0,0,130.0,1995.8000000000002
A-0be015,2024-10-15,Pro,event,FinTech,US,19,False,False,77,1.0,342.0,72.2,6,0.475,0.2719571785361437,0.21428571428571427,0.04377104377104377,1,0.0,3.857142857142857,0,1,0.2857142857142857,0,0,71,1.0,1,0.5,-26.6,69,10,1,,,1,0,77.0,117.80000000000001
A-054577,2024-04-28,Basic,ads,EdTech,UK,2,False,False,247,0.0,0.0,274.4,5,0.9,0.34546334925092126,0.2235294117647059,0.06257521058965103,1,0.0,4.0,0,1,0.0,1,1,242,1.0,1,1.3333333333333333,-209.79999999999995,0,4,6,,,0,0,247.0,2403.3
A-bc87bc,2024-07-17,Pro,event,FinTech,US,3,False,False,167,0.0,0.0,0.0,56,0.6,0.30996502563093675,0.2777777777777778,0.035623409669211195,1,0.0,3.4285714285714284,0,1,0.14285714285714285,0,0,111,2.0,1,0.0,0.0,10,7,2,,,0,0,167.0,1203.2
A-0f7d77,2024-10-28,Pro,partner,FinTech,IN,3,False,False,64,1.0,1057.0,11.4,14,0.575,0.3204654063439818,0.3,0.06375838926174497,1,0.0,3.8,0,0,0.4,0,0,50,1.0,1,0.0,196.50000000000003,1,10,0,,,1,0,64.0,232.60000000000002
A-e7beab,2023-10-20,Enterprise,organic,EdTech,DE,5,False,False,438,0.0,0.0,417.90000000000003,3,0.55,0.4347576031231309,0.3055555555555556,0.045576407506702415,1,0.0,3.6666666666666665,0,0,0.3333333333333333,0,0,435,3.0,1,0.0,-199.00000000000003,79,10,4,,,1,0,438.0,736.3000000000001
A-a09355,2024-08-10,Basic,organic,FinTech,US,14,False,False,143,0.0,0.0,623.6,12,0.825,0.4026142240848876,0.3333333333333333,0.05964467005076142,1,0.0,3.6,0,1,0.6,0,1,131,1.0,1,0.0,-550.1,0,8,5,,,0,0,143.0,3414.0
A-31ab9a,2024-03-03,Pro,organic,FinTech,DE,3,False,False,303,0.0,0.0,88.2,20,0.475,0.3321892104953392,0.38235294117647056,0.06804733727810651,1,0.0,3.2857142857142856,0,1,0.2857142857142857,0,0,283,0.0,1,0.0,269.5,30,3,6,,,1,0,303.0,445.90000000000003
A-0158bb,2024-05-22,Basic,partner,FinTech,DE,5,False,False,223,0.0,0.0,0.0,37,0.475,0.32246764354691837,0.19444444444444445,0.06043956043956044,1,0.0,3.0,0,1,0.0,1,0,215,0.0,1,0.0,83.6,3,5,2,,,0,0,223.0,83.6
A-f19b24,2023-01-10,Pro,organic,Cybersecurity,US,29,True,False,721,0.0,0.0,0.0,432,0.3,0.2411686180955075,0.5,0.08403361344537816,0,0.0,3.5,0,1,0.5,0,0,289,0.0,1,0.0,0.0,58,1,1,,,0,0,721.0,0.0
A-798a3f,2023-10-19,Enterprise,other,DevTools,FR,12,False,True,439,1.0,860.0,0.0,67,0.475,0.4292642322823492,0.35135135135135137,0.05397727272727273,1,0.0,3.6,0,1,0.4,1,0,372,2.0,1,0.0,0.0,30,10,3,2024-07-19,support,0,1,274.0,377.5
A-42b791,2024-05-20,Pro,event,FinTech,AU,3,False,False,225,0.0,0.0,142.1,22,0.475,0.35836501372694163,0.28125,0.019417475728155338,1,0.0,3.6666666666666665,0,1,0.3333333333333333,0,0,203,1.0,1,0.3,0.0,11,5,0,,,0,0,225.0,1799.4
A-068fc6,2023-07-17,Enterprise,event,EdTech,US,35,False,False,533,1.0,4096.0,0.0,103,0.8,0.38024583778955,0.2711864406779661,0.048576214405360134,1,0.0,3.8,0,1,0.2,1,0,430,1.0,1,0.05276816608996539,0.0,2,7,0,,,0,0,533.0,171.5
A-6f50ae,2023-09-21,Pro,partner,FinTech,US,19,False,True,467,1.0,4323.0,0.0,51,0.875,0.4044134002927903,0.42168674698795183,0.059186189889025895,1,0.0,4.2,0,1,0.2,0,1,416,0.0,1,0.0,0.0,9,9,3,2024-02-26,features,0,1,158.0,450.3
A-a2485e,2024-08-04,Pro,event,FinTech,US,3,True,False,149,0.0,0.0,437.00000000000006,4,0.55,0.23189875015128206,0.2857142857142857,0.04100946372239748,1,0.0,3.0,1,0,0.0,0,1,145,0.0,1,0.0,0.0,34,8,6,,,0,0,149.0,877.5
A-bb1eaa,2024-06-11,Basic,organic,Cybersecurity,US,21,False,False,203,0.0,0.0,417.90000000000003,19,0.375,0.3533166977028814,0.29411764705882354,0.042682926829268296,1,0.0,3.5,0,1,0.5,0,1,184,0.0,1,0.0,-338.1,45,6,1,,,1,0,203.0,915.6
A-cc98bc,2023-05-24,Basic,ads,DevTools,US,32,False,False,587,0.0,0.0,636.8000000000001,3,0.725,0.3654022884778208,0.2641509433962264,0.04363636363636364,1,1.0,3.3333333333333335,0,1,1.0,1,0,584,1.0,1,0.42857142857142855,279.30000000000007,7,5,2,,,0,0,587.0,1613.7000000000003
A-d77f4c,2023-09-25,Pro,partner,DevTools,US,4,True,False,463,1.0,2980.0,15.200000000000001,29,0.775,0.37054492262323296,0.16129032258064516,0.05211726384364821,1,0.0,4.0,0,1,0.5,1,1,434,2.0,1,0.1111111111111111,-15.200000000000001,11,9,0,,,1,0,463.0,157.29999999999998
A-ccabf0,2023-11-06,Pro,organic,HealthTech,IN,1,False,False,421,0.0,0.0,1595.4,1,0.775,0.29451390487030366,0.18,0.05731225296442688,1,0.0,3.5,0,0,0.0,0,1,420,2.0,1,0.0,-668.35,1,11,0,,,1,0,421.0,2175.9
A-700ade,2024-10-31,Enterprise,organic,Cybersecurity,UK,1,True,False,61,0.0,0.0,1587.6,7,0.5,0.25364161288519615,0.3793103448275862,0.06338028169014084,1,1.0,4.25,0,1,0.5,0,0,54,2.0,1,0.0,-1487.6999999999998,80,10,3,,,0,0,61.0,1687.5
A-4a4c2d,2023-05-02,Enterprise,event,DevTools,US,54,False,False,609,2.0,1982.5,0.0,62,0.7,0.30974666548017815,0.23728813559322035,0.06303236797274275,1,0.0,4.0,0,0,0.0,1,1,547,1.0,1,0.3922651933701658,0.0,3,5,1,,,0,0,609.0,1485.0000000000002
A-b7ef83,2024-05-29,Pro,partner,Cybersecurity,UK,1,True,False,216,1.0,3500.0,461.6,14,0.85,0.36736755250346764,0.16666666666666666,0.053061224489795916,1,0.0,3.5,0,1,0.0,1,0,202,1.0,1,0.0,264.9,6,5,2,,,1,0,216.0,2632.5
A-e08cd3,2024-09-21,Pro,ads,FinTech,US,67,True,False,101,0.0,0.0,3651.5000000000005,9,0.75,0.25232897230639895,0.3488372093023256,0.04861111111111111,1,0.0,3.5,0,1,0.5,0,1,92,1.0,1,0.0,-984.9000000000001,1,9,5,,,1,0,101.0,7102.000000000001
A-19b2c8,2023-06-06,Pro,other,DevTools,IN,20,False,False,574,1.0,3255.0,161.70000000000002,13,0.775,0.3375731383378079,0.31746031746031744,0.056572379367720464,1,0.0,4.666666666666667,0,0,0.0,1,0,561,0.0,1,0.07613814756671898,16.099999999999994,1,6,1,,,1,0,574.0,775.5
A-970c97,2024-03-01,Enterprise,other,HealthTech,DE,14,False,False,305,0.0,0.0,557.2,5,0.65,0.3761094281339872,0.2727272727272727,0.05405405405405406,1,0.0,5.0,0,1,0.0,0,1,300,1.0,1,0.0,0.0,1,3,4,,,0,0,305.0,1183.0
A-6dee43,2023-08-12,Basic,other,FinTech,UK,3,True,False,507,0.0,0.0,0.0,71,0.7,0.3314281313462047,0.22916666666666666,0.024070021881838075,1,0.0,3.8,0,1,0.2,1,0,436,1.0,1,0.0,0.0,43,8,5,,,1,0,507.0,273.0
A-5ed98d,2024-06-22,Basic,partner,DevTools,US,24,False,False,192,0.0,0.0,955.2,6,0.575,0.3516947323274505,0.28125,0.057692307692307696,1,0.0,3.4,0,1,0.6,1,0,186,0.0,1,0.0,-837.6,16,6,5,,,1,0,192.0,1445.2
A-c58f49,2024-07-31,Enterprise,other,EdTech,US,70,True,False,153,0.0,0.0,133.0,10,0.6,0.3574770846247203,0.2894736842105263,0.06060606060606061,1,1.0,3.6666666666666665,0,1,0.3333333333333333,1,0,143,0.0,1,0.0,1260.0,22,7,2,,,1,0,153.0,7098.0
A-9c18c4,2023-07-27,Pro,ads,HealthTech,US,11,False,True,523,1.0,4530.0,22.8,13,0.75,0.3671095366770996,0.26785714285714285,0.06654676258992806,1,0.0,3.5,0,1,0.25,1,0,510,2.0,1,-3.0,355.3,18,7,3,2024-10-14,,0,1,445.0,1290.6000000000001
A-cc8c8f,2024-06-16,Enterprise,ads,DevTools,US,23,False,False,198,1.0,204.0,557.2,5,0.5,0.33334570903488514,0.2857142857142857,0.06716417910447761,1,0.0,3.5,0,1,1.0,1,1,193,1.0,1,1.0,-513.5,40,6,6,,,1,0,198.0,1102.3000000000002
A-5f7781,2024-08-20,Pro,other,DevTools,US,22,False,False,133,1.0,1740.0,479.6,18,0.4,0.32227631494619763,0.2777777777777778,0.0546448087431694,1,0.0,3.5,0,0,0.5,1,0,126,0.0,1,-0.42226148409894,-41.80000000000001,6,8,1,,,0,0,133.0,1025.2
A-e1b9cd,2023-02-26,Pro,event,DevTools,US,40,False,True,674,2.0,1294.0,196.0,23,0.85,0.32252341833980697,0.3,0.055952380952380955,1,0.0,3.0,0,0,0.0,0,1,651,3.0,1,2.0,0.0,19,2,6,2024-10-01,unknown,1,1,583.0,762.0
A-ac85cd,2024-07-31,Enterprise,partner,EdTech,US,53,False,False,153,0.0,0.0,360.4,2,0.75,0.4242050901345454,0.25396825396825395,0.04574132492113565,1,1.0,3.3333333333333335,0,0,0.6666666666666666,1,1,151,3.0,1,0.0,-259.69999999999993,34,7,2,,,0,0,153.0,4126.7
A-d792a6,2023-01-23,Enterprise,organic,DevTools,US,4,False,False,708,0.0,0.0,188.9,14,0.8,0.380632185576661,0.23529411764705882,0.057971014492753624,1,0.0,3.4,0,1,0.2,1,1,694,1.0,1,0.0,-188.9,0,1,0,,,1,0,708.0,606.8000000000001
A-ac9111,2023-08-12,Pro,event,HealthTech,US,21,True,False,507,2.0,2478.0,200.9,25,0.9,0.3601113551220721,0.3373493975903614,0.05693069306930693,1,0.0,3.6666666666666665,0,1,0.6666666666666666,0,1,482,2.0,1,0.3333333333333333,-81.19999999999999,4,8,5,,,1,0,507.0,320.6
A-18793f,2024-12-18,Basic,organic,EdTech,US,148,True,False,13,0.0,0.0,6625.0,1,0.75,0.31401570969950154,0.3333333333333333,0.0411522633744856,1,0.0,3.8,0,0,0.0,1,0,12,1.0,1,0.0,0.0,19,12,2,,,0,0,13.0,6625.0
A-9f0b68,2024-04-28,Basic,ads,EdTech,US,10,False,False,247,0.0,0.0,41.800000000000004,19,0.9,0.30828859109877194,0.2,0.046610169491525424,1,1.0,3.0,0,1,0.3333333333333333,1,1,228,0.0,1,-0.05212355212355213,157.2,4,4,6,,,0,0,247.0,2825.2
A-d3c88e,2024-10-18,Pro,event,DevTools,US,16,False,False,74,0.0,0.0,475.20000000000005,5,0.825,0.2727390410354422,0.375,0.07523510971786834,1,0.0,3.3333333333333335,0,1,0.0,1,0,69,0.0,1,0.0,374.29999999999995,10,10,4,,,1,0,74.0,2618.3
A-ccb686,2024-01-22,Basic,other,DevTools,US,10,False,False,344,1.0,2388.0,68.60000000000001,11,0.875,0.3924582834818299,0.2571428571428571,0.06388888888888888,1,0.0,4.0,0,0,0.0,1,1,333,1.0,1,0.1917808219178082,186.2,3,1,0,,,0,0,344.0,435.5
A-118f1c,2024-10-31,Pro,other,Cybersecurity,US,32,False,False,61,0.0,0.0,1273.6000000000001,0,0.55,0.3645738358056677,0.34210526315789475,0.037940379403794036,1,0.0,3.0,0,0,0.0,0,0,61,2.0,1,0.0,1833.0000000000002,87,10,3,,,0,0,61.0,4380.200000000001
A-0e966d,2024-06-25,Basic,ads,FinTech,IN,11,False,True,189,1.0,5408.0,457.70000000000005,5,0.775,0.353449386573709,0.3125,0.05354330708661417,1,0.0,4.0,0,0,0.6666666666666666,0,0,184,1.0,1,0.0,-457.70000000000005,17,6,1,2024-11-30,,0,1,158.0,1244.5
A-b9f5b1,2023-01-24,Pro,other,Cybersecurity,US,15,True,False,707,0.0,0.0,0.0,516,0.525,0.2724135594568208,0.3333333333333333,0.03908794788273615,1,1.0,3.3333333333333335,0,1,0.16666666666666666,0,0,660,1.0,1,0.0,0.0,32,1,1,,,1,0,707.0,0.0
A-8ae3fc,2024-06-28,Pro,ads,DevTools,CA,9,False,False,186,0.0,0.0,58.900000000000006,19,0.65,0.28844528210391357,0.358974358974359,0.07518796992481203,1,0.0,3.25,0,1,0.25,0,0,167,0.0,1,0.0,44.0,7,6,4,,,0,0,186.0,444.70000000000005
A-55f257,2023-12-21,Basic,organic,FinTech,US,9,False,False,376,0.0,0.0,44.1,28,0.775,0.31920133974329723,0.18867924528301888,0.052521008403361345,1,0.0,4.333333333333333,0,1,0.0,1,0,354,0.0,1,0.0,477.30000000000007,0,12,3,,,0,0,376.0,678.2
A-d26ab4,2024-11-07,Basic,organic,DevTools,UK,9,False,True,54,2.0,620.5,646.4000000000001,6,0.6,0.4237953743185399,0.30434782608695654,0.05240174672489083,1,0.0,3.5,0,1,0.0,0,1,53,1.0,1,7.0,368.5,22,11,3,2024-12-26,pricing,1,1,49.0,1661.3000000000002
A-712533,2023-07-31,Pro,organic,EdTech,US,18,False,False,519,0.0,0.0,0.0,101,0.8,0.31471931799509373,0.3090909090909091,0.06205673758865248,1,0.0,3.6,0,0,0.4,1,0,506,0.0,1,0.0,0.0,19,7,0,,,1,0,519.0,568.6
A-781cc0,2024-09-04,Pro,organic,EdTech,US,12,False,False,118,2.0,5180.0,1042.6000000000001,0,0.775,0.3020887838582039,0.3448275862068966,0.04878048780487805,1,0.0,3.5,0,0,0.0,1,0,118,2.0,1,0.2005856515373353,-374.5000000000001,1,9,2,,,1,0,118.0,1831.5
